season,week,game_id,team,score,adj_score,game_drives,plays,success_rate,total_epa,exp_epa,adj_epa,pass_rate,pass_over_exp,epa_turnover,penalty_epa,special_epa,fumble_lost,conversion_third,epa_third,conversion_fourth,epa_fourth
2025,1,2025_01_ARI_NO,ARI,20,18.5,19,68,0.412,1.3,9.2,4.1,62.1,2.5,NA,0.8,-2.2,NA,6-13,1.6,NA,NA
2025,1,2025_01_ARI_NO,NO,13,20.3,19,78,0.423,-8.6,18.4,8.7,69.9,-0.5,NA,-1.6,-3.5,NA,5-14,-3.8,1-2,-1.9
2025,1,2025_01_BAL_BUF,BAL,40,31,23,50,0.52,26.3,5.2,18.8,45.1,-10.1,-5.3,-0.6,5.5,2-1,6-11,8.9,NA,NA
2025,1,2025_01_BAL_BUF,BUF,41,28.8,23,84,0.488,23.4,17.3,16.7,69.2,0.9,NA,3.2,2.2,1-0,7-14,3.6,1-1,4
2025,1,2025_01_CAR_JAX,CAR,10,13.4,20,49,0.347,-12.4,10.8,-4.2,68.3,0.4,-9.9,3.5,3.4,1-1,8-15,-0.5,0-2,-7
2025,1,2025_01_CAR_JAX,JAX,26,24.5,20,48,0.479,8.7,14.2,10.7,52.4,-0.3,-2.9,-6.5,5.4,NA,5-12,1.8,2-2,4.1
2025,1,2025_01_CIN_CLE,CIN,17,18.1,20,55,0.418,-4.5,10.7,-0.6,55.8,-1.4,NA,1.5,0.5,NA,7-14,0.9,NA,NA
2025,1,2025_01_CIN_CLE,CLE,16,18.5,20,78,0.397,-7.9,21.9,4.5,69.7,5,-7.5,2.1,-3.9,NA,9-16,3.8,2-3,2.3
2025,1,2025_01_DAL_PHI,DAL,20,22.1,16,60,0.483,10.3,18.2,11,65,3,-5.8,5,3.6,1-1,7-11,6.3,0-1,-2.6
2025,1,2025_01_DAL_PHI,PHI,24,23.3,16,61,0.508,15,8.6,10.8,55.9,-0.6,NA,0.4,4.3,NA,8-12,6.8,NA,NA
2025,1,2025_01_DET_GB,DET,13,16,18,50,0.4,-5.4,8.7,-0.1,66.7,-4.3,-3.8,1.3,-0.5,NA,5-15,-7.6,3-4,5.5
2025,1,2025_01_DET_GB,GB,27,22.1,18,43,0.465,12.7,14.6,9.5,51.1,-0.5,NA,2.4,0.1,NA,4-10,2.4,1-1,1.6
2025,1,2025_01_HOU_LA,HOU,9,12.8,18,66,0.348,-9.2,7.8,-1.7,60.3,-6.6,-8.4,-1.9,2.3,1-1,2-9,-1.6,1-1,1.7
2025,1,2025_01_HOU_LA,LA,14,18.7,18,61,0.426,-3.4,12.3,4.7,58.6,1.2,-5.7,1.6,-0.2,2-1,7-13,-0.1,1-1,2.6
2025,1,2025_01_KC_LAC,KC,21,19.6,16,64,0.422,10.4,15.8,13.6,79.7,10.7,NA,-3.9,2.3,1-0,5-14,-1.6,3-3,10.2
2025,1,2025_01_KC_LAC,LAC,27,26.5,16,64,0.547,18.6,21.8,14.8,69.4,14.4,NA,-1.1,2,1-0,7-12,9.7,1-1,2.4
2025,1,2025_01_LV_NE,LV,20,24.1,23,60,0.45,10.2,14.1,7.4,62.3,7.9,-3.5,-0.7,2.4,NA,5-13,3.7,1-1,2.5
2025,1,2025_01_LV_NE,NE,13,19.9,23,75,0.4,-4.5,16.1,1.8,76.1,8.5,-3.7,0.5,-0.5,1-0,4-14,-3.2,1-1,1.7
2025,1,2025_01_MIA_IND,IND,33,24,14,60,0.517,16,15.5,16.4,46.6,-4.2,NA,0.4,3.7,NA,7-15,0.7,3-3,6.1
2025,1,2025_01_MIA_IND,MIA,8,11,14,28,0.393,-14.2,3.9,-6.4,78.3,6.5,-12.5,-0.1,3.2,1-1,5-10,-4.1,1-2,0.6
2025,1,2025_01_MIN_CHI,CHI,24,19.9,26,72,0.375,-10,11.5,-0.9,68.7,0.8,NA,-0.7,-5.8,1-1,3-12,-1.9,0-1,-3.5
2025,1,2025_01_MIN_CHI,MIN,27,20.6,26,58,0.414,-4.8,5.6,-5.8,50.9,-4.2,-9.7,3.6,0.6,NA,3-12,-11.6,NA,NA
2025,1,2025_01_NYG_WAS,NYG,6,14.6,19,68,0.368,-6.1,10.6,-1.5,75,7.1,NA,7.3,1.3,1-0,4-16,-7.4,1-2,-1.1
2025,1,2025_01_NYG_WAS,WAS,21,25.3,19,64,0.5,6.6,14.2,12.1,61.2,3.7,NA,-3.8,-0.1,NA,4-10,-3.5,NA,NA
2025,1,2025_01_PIT_NYJ,NYJ,32,26.8,22,67,0.478,12.6,12.3,13.9,40.3,-18.8,-5.7,-1.2,0.6,NA,7-14,4.7,1-2,0.6
2025,1,2025_01_PIT_NYJ,PIT,34,22,22,56,0.429,17.7,6,6.2,65.5,-0.9,NA,1.6,7.3,1-0,4-10,-0.7,NA,NA
2025,1,2025_01_SF_SEA,SEA,13,21.9,21,52,0.481,-5.5,10.8,-1.4,51,-14.5,-8.6,0.2,3.1,3-2,3-10,-7,NA,NA
2025,1,2025_01_SF_SEA,SF,17,26.2,21,76,0.487,1,18.2,12.6,56.8,-3.4,-7.9,0.3,-7.6,NA,7-14,5.4,2-2,4.9
2025,1,2025_01_TB_ATL,ATL,20,22.2,20,77,0.442,1,20.1,9.5,68,-1.2,NA,1.4,-2.9,1-0,6-15,-2.4,3-4,4.9
2025,1,2025_01_TB_ATL,TB,23,19.8,20,57,0.386,5.6,21.7,11.1,66.7,4.3,NA,0.6,-2.7,NA,7-14,4.4,1-1,2.4
2025,1,2025_01_TEN_DEN,DEN,20,21.8,28,75,0.4,-6.6,11.8,-3.7,64.9,7,-13.6,4.5,2.1,1-1,6-15,4.4,0-2,-4.4
2025,1,2025_01_TEN_DEN,TEN,12,10.2,28,59,0.22,-16.8,3,-11.6,63.2,-1.7,-6.3,-5.8,9.2,2-2,2-14,-5.4,0-1,-1.9
2025,2,2025_02_ATL_MIN,ATL,22,21.6,21,67,0.448,1,2.5,3.5,40,-12.7,-4.6,-0.3,4.1,1-1,6-15,0.9,NA,NA
2025,2,2025_02_ATL_MIN,MIN,6,13.9,21,46,0.37,-22.6,0.8,-9.1,63.8,0.9,-14.3,-3.2,-0.3,3-1,4-11,-4.4,1-2,-1.7
2025,2,2025_02_BUF_NYJ,BUF,30,25.7,21,62,0.484,20.5,12.4,11.5,47.9,-8.4,NA,6.6,3.3,1-0,5-13,6.5,2-2,5.2
2025,2,2025_02_BUF_NYJ,NYJ,10,11.2,21,26,0.308,-11.9,1.2,-7.3,66,-9.8,-5.2,1.5,3.8,3-1,0-11,-12.5,3-3,9.6
2025,2,2025_02_CAR_ARI,ARI,27,17.9,18,46,0.413,4.7,7.2,4.4,63,-0.8,-4.9,-1.3,1.7,NA,3-9,-4.5,1-1,2.3
2025,2,2025_02_CAR_ARI,CAR,22,17.7,18,73,0.411,-7.2,12.5,4.2,79,2.3,-10.9,1.5,-2.2,1-1,5-15,-10.9,3-4,9.3
2025,2,2025_02_CHI_DET,CHI,21,16.1,25,50,0.32,-13.2,12.6,-2,64.7,-1,-8.5,-2.4,2.4,2-1,7-13,6.2,0-2,-6.4
2025,2,2025_02_CHI_DET,DET,52,33.2,25,49,0.551,17.2,15.1,15.8,50.8,-7.9,NA,0,-0.3,NA,4-10,1.4,1-1,4
2025,2,2025_02_CLE_BAL,BAL,41,18.8,24,52,0.385,4.8,6.5,-1.9,67.9,10.4,NA,-0.3,2.6,1-0,3-11,-3.6,1-1,3.8
2025,2,2025_02_CLE_BAL,CLE,17,12.7,24,58,0.276,-14.7,14,-3.1,71.2,-0.3,-15.6,-1.2,-1.3,1-1,7-18,-9.3,1-3,-6.9
2025,2,2025_02_DEN_IND,DEN,28,23.7,19,60,0.483,12.5,14.3,9.6,61,4.8,-3.9,3.7,-1,NA,4-9,-0.2,NA,NA
2025,2,2025_02_DEN_IND,IND,29,25,19,73,0.479,13.5,20.7,14.9,56.3,-4.4,NA,2.6,2.9,NA,6-13,-0.5,0-2,-6.4
2025,2,2025_02_JAX_CIN,CIN,31,23,23,69,0.435,6.8,21.3,6,73.9,5.2,-12.1,1.7,5.6,NA,6-14,1.4,1-1,2.3
2025,2,2025_02_JAX_CIN,JAX,27,27.8,23,72,0.486,6.6,17.7,13.8,63.4,5.8,-8.5,-0.7,0.2,1-0,6-13,-3.2,0-1,-2.8
2025,2,2025_02_LAC_LV,LAC,20,20.3,21,50,0.42,2.7,12.9,4.3,58.9,13,-5.2,0.8,1.3,2-1,4-11,-3.3,1-2,0.2
2025,2,2025_02_LAC_LV,LV,9,11.5,21,70,0.329,-20.5,11.6,-9.9,75.7,5.7,-10.9,1.3,3.2,1-0,9-18,-2.2,0-2,-6.4
2025,2,2025_02_LA_TEN,LA,33,26.6,22,54,0.463,16.7,13.7,16.1,61,9.5,-2.2,1.2,-0.8,1-0,5-11,3.7,1-1,6.2
2025,2,2025_02_LA_TEN,TEN,19,14.3,22,59,0.339,-4.2,5.1,-4.3,65.2,-6.1,-5.2,-1.3,5.9,1-1,6-15,1.9,1-1,2.2
2025,2,2025_02_NE_MIA,MIA,27,19.9,18,62,0.435,5.7,9.7,7.5,73.7,0.5,-2.9,-4.9,1.7,NA,4-10,2.4,0-2,-4.5
2025,2,2025_02_NE_MIA,NE,33,21.5,18,62,0.452,14.5,5.9,10,57.1,-1.4,NA,-4.7,1,1-0,7-12,11,1-1,3.6
2025,2,2025_02_NYG_DAL,DAL,40,26.4,26,93,0.452,15.6,19.1,7.7,69.7,-2.2,-3.9,8.3,3,1-0,6-14,1.6,1-1,2.7
2025,2,2025_02_NYG_DAL,NYG,37,25.6,26,71,0.437,16.4,20,7.7,68.7,7,-2.3,2.8,2.4,1-0,6-14,3.4,1-2,1.9
2025,2,2025_02_PHI_KC,KC,17,17.1,19,61,0.393,-2.7,12.7,2.8,68.3,4.3,-7.1,0.9,4.2,1-0,4-12,-7.8,2-3,1.3
2025,2,2025_02_PHI_KC,PHI,20,17.9,19,62,0.419,4.6,7.6,0.7,44.8,-11.6,NA,2.2,4.1,1-0,5-14,-1,1-1,2.8
2025,2,2025_02_SEA_PIT,PIT,17,16.7,24,52,0.346,-13.9,8.5,-2.2,67.2,1.2,-7.3,-0.3,-5.4,NA,5-15,-9.8,1-2,0.9
2025,2,2025_02_SEA_PIT,SEA,31,25.9,24,62,0.452,4.1,14.5,10.9,55.4,-0.9,-10.8,-0.7,-1.5,NA,6-14,10.3,1-2,-4.6
2025,2,2025_02_SF_NO,NO,21,20.5,22,71,0.437,-6.9,7.6,-0.5,62,-8,-5.7,2.5,-3.2,2-1,4-11,0.4,1-2,-2.3
2025,2,2025_02_SF_NO,SF,26,25.6,22,68,0.485,6,18.6,8.4,65.7,3.5,-6.2,2.8,0.3,2-1,8-14,12.4,NA,NA
2025,2,2025_02_TB_HOU,HOU,19,18.9,21,48,0.396,0,7,3.9,66,4.3,NA,-0.5,4.4,NA,2-9,-8.9,0-1,-4.1
2025,2,2025_02_TB_HOU,TB,20,27.4,21,82,0.524,0.6,12,10,64.6,3.4,NA,1.1,-11.1,1-0,6-14,-0.7,1-1,2.4
2025,2,2025_02_WAS_GB,GB,27,29.2,23,65,0.508,6.2,11.5,14.6,56.1,0,NA,-3.5,-1.6,NA,5-12,1.3,0-1,-3
2025,2,2025_02_WAS_GB,WAS,18,16.9,23,61,0.361,-7.1,14.8,-1.8,80.6,5.1,NA,3.5,0.8,NA,5-16,-7.5,1-3,-2.6
2025,3,2025_03_ARI_SF,ARI,15,17.5,20,69,0.377,-0.2,15.1,4.7,62.1,4.4,NA,-0.8,-0.9,1-0,5-15,-6,2-2,5.6
2025,3,2025_03_ARI_SF,SF,16,24.3,20,63,0.508,-1.9,17.7,4.6,69.8,2.9,-4.2,-4,3.4,NA,2-10,-9.2,1-2,0.7
2025,3,2025_03_ATL_CAR,ATL,0,13.8,20,52,0.327,-25.4,23.7,0.8,68.2,-3.3,-14.1,-1.1,-6.1,1-1,5-13,-1.7,0-3,-10.9
2025,3,2025_03_ATL_CAR,CAR,30,20.5,20,49,0.449,1.8,9.3,2.1,50.9,-2.8,NA,-0.9,5.3,NA,3-11,-7.5,2-2,6.6
2025,3,2025_03_CIN_MIN,CIN,10,7.6,25,43,0.256,-38,-2.2,-20,60.7,-8.9,-31.4,5.6,-0.8,5-3,3-11,-4.2,NA,NA
2025,3,2025_03_CIN_MIN,MIN,48,30.7,25,52,0.538,10.6,7.9,9.2,50,-3.2,NA,-4.2,1.3,1-0,4-12,-2.8,1-1,-1.1
2025,3,2025_03_DAL_CHI,CHI,31,26.9,20,51,0.51,19.3,13.4,13.3,54.4,-5.2,NA,-0.6,-1.6,NA,8-14,9.3,1-1,4
2025,3,2025_03_DAL_CHI,DAL,14,23.4,20,63,0.492,3.3,8.4,4.2,68.5,-0.1,-16.9,0.4,1.7,1-1,3-11,-5.8,2-3,0.1
2025,3,2025_03_DEN_LAC,DEN,20,12.8,24,51,0.255,-6.6,11.7,1.1,68.6,-0.5,NA,-0.4,-0.4,NA,2-13,-6,2-2,10.3
2025,3,2025_03_DEN_LAC,LAC,23,22,24,87,0.425,-6.3,18,2,67.4,1.8,-9.3,8.4,-7.4,1-0,8-17,-0.6,NA,NA
2025,3,2025_03_DET_BAL,BAL,30,24,21,52,0.5,6.5,7,2.3,70.9,2.8,-5.6,3.4,5.8,2-1,6-11,7.1,0-1,-3.7
2025,3,2025_03_DET_BAL,DET,38,33.4,21,67,0.582,24.8,15.5,20.6,44.8,-9.5,NA,-1.2,0.7,1-0,7-14,3.4,3-3,9.1
2025,3,2025_03_GB_CLE,CLE,13,14.5,20,66,0.348,-7.3,13.6,-0.3,69.2,-2.5,-0.3,-0.7,3.2,NA,4-13,-8.4,1-2,1.6
2025,3,2025_03_GB_CLE,GB,10,14.4,20,69,0.362,-7.8,4.3,-3.3,54.7,-5.4,-5.8,-1.8,-1.5,1-0,10-19,3.1,NA,NA
2025,3,2025_03_HOU_JAX,HOU,10,17.2,26,63,0.333,-17.5,12.8,-2.9,73.8,4.8,-10.5,0.7,-3.9,1-1,4-15,-5.9,1-1,1.7
2025,3,2025_03_HOU_JAX,JAX,17,21,26,73,0.384,-10.9,20.7,1.1,65.2,1.1,-2.8,3.8,-3.3,NA,4-15,-4.7,0-1,-3
2025,3,2025_03_IND_TEN,IND,41,30.2,18,45,0.578,18.3,15.2,17.4,53.7,2.6,NA,3.2,0,NA,2-7,-0.3,2-2,4.1
2025,3,2025_03_IND_TEN,TEN,20,15.8,18,55,0.418,-10.1,8.2,-4.1,71.4,2.8,-7.9,0.4,3.2,NA,5-14,-11.5,1-2,1.5
2025,3,2025_03_KC_NYG,KC,22,25,19,66,0.515,10.4,12.9,8.1,66.7,8.6,NA,2.1,-3.6,2-0,8-14,9.5,NA,NA
2025,3,2025_03_KC_NYG,NYG,9,18.4,19,62,0.419,-6.1,8.3,2.7,63.6,-10.7,-6.5,3.4,0.2,NA,1-10,-10.4,1-4,-3.1
2025,3,2025_03_LA_PHI,LA,26,24.6,22,66,0.5,-8.6,12.1,2,53,-5.1,-4.9,1.6,-8.7,NA,3-11,-7.6,0-1,-3.4
2025,3,2025_03_LA_PHI,PHI,33,21.4,22,66,0.424,-4,13.8,4.9,60,-5.9,-5.1,-1.3,-4.2,1-1,5-14,2.1,4-5,8.3
2025,3,2025_03_LV_WAS,LV,24,13.1,23,48,0.292,-9.6,4.3,-2.3,54.7,-15.6,NA,-1.5,-2.9,NA,3-14,-5.3,2-3,1
2025,3,2025_03_LV_WAS,WAS,41,28.1,23,42,0.5,15.1,5.5,12.1,43.9,-8,-3.9,-3.2,4.7,1-1,5-10,6.3,NA,NA
2025,3,2025_03_MIA_BUF,BUF,31,27.8,18,58,0.552,15.9,8.7,13.5,56.7,5.8,NA,3.4,-3.6,1-0,6-11,2.5,NA,NA
2025,3,2025_03_MIA_BUF,MIA,21,17.3,18,58,0.397,5.2,16.6,5.4,60.7,-10,-5.8,-1.1,2.9,1-0,10-15,10,1-1,3.4
2025,3,2025_03_NO_SEA,NO,13,22,23,66,0.439,-17,14.2,1.7,65.8,-3,-1.6,0.6,-12.6,NA,5-15,-6.8,0-2,-4.7
2025,3,2025_03_NO_SEA,SEA,44,29.8,23,40,0.55,21.9,7.9,8.9,37.5,-9.7,-4.2,4.5,5.2,1-1,3-9,-2.5,NA,NA
2025,3,2025_03_NYJ_TB,NYJ,27,20.2,22,68,0.456,-5.9,4.6,-5.2,74.6,2.8,-11.7,2,3.1,1-1,3-11,-6.4,1-3,-0.8
2025,3,2025_03_NYJ_TB,TB,29,16.2,22,73,0.329,-3.6,11.7,4.1,53.5,-10.3,NA,-2.4,-4.3,1-0,4-13,-1.2,NA,NA
2025,3,2025_03_PIT_NE,NE,14,22.7,19,75,0.48,-6.9,8.6,6.6,67.6,5.8,-26.7,6,0.1,4-4,6-13,0.1,4-5,9
2025,3,2025_03_PIT_NE,PIT,21,21.5,19,53,0.509,2.5,9,-3.2,52.9,-5.3,-5.3,5.8,0.2,1-0,4-9,-1.7,NA,NA
2025,4,2025_04_BAL_KC,BAL,20,18.6,20,45,0.422,-7.1,2.2,0.2,75.9,7.5,-8.5,0.1,0.4,1-1,3-10,-7.6,1-4,-5.8
2025,4,2025_04_BAL_KC,KC,37,25.6,20,59,0.475,19,13.5,15.3,60.6,6.5,NA,-1.9,1.1,NA,5-14,-2.5,4-4,9.8
2025,4,2025_04_CAR_NE,CAR,13,22.9,21,52,0.5,-19.4,7.9,-1.5,59.4,-7.2,NA,-1,-12.8,1-0,5-14,-5.8,1-3,-2.2
2025,4,2025_04_CAR_NE,NE,42,24.4,21,41,0.439,18,10.5,15.3,50,-4.4,NA,-1.2,-0.2,NA,3-8,3,1-1,4.9
2025,4,2025_04_CHI_LV,CHI,25,19.8,22,70,0.4,-6.2,15.4,3.8,65.2,-3.1,-5.7,-4.7,6.5,2-0,7-17,-3.1,1-1,2.7
2025,4,2025_04_CHI_LV,LV,24,25.6,22,52,0.538,-11.4,7.1,-1.5,43.1,-13.8,-21,-0.7,-1.5,1-1,2-8,-12.7,0-1,-4.9
2025,4,2025_04_CIN_DEN,CIN,3,15.6,20,44,0.364,-7.6,6.2,0.6,70.2,6.2,NA,-0.5,-0.2,NA,2-11,-7.6,NA,NA
2025,4,2025_04_CIN_DEN,DEN,28,26.7,20,60,0.5,13.1,13.8,14.4,56.4,1.6,-4.5,-2,0,NA,8-13,13,0-1,-4.5
2025,4,2025_04_CLE_DET,CLE,10,14.4,27,60,0.283,-26.2,15.8,-5.7,60.6,-6.8,-15.9,-0.1,-10.4,1-1,3-14,-7.5,1-1,2.3
2025,4,2025_04_CLE_DET,DET,34,21.6,27,46,0.391,-6.9,15.1,-0.6,51.7,-8.1,-3.4,-2.1,3.9,NA,6-14,4.3,0-1,-3.6
2025,4,2025_04_GB_DAL,DAL,40,30.1,21,72,0.528,20.6,20.9,18.8,60.9,-2.5,NA,-0.9,0.1,NA,4-11,2.2,1-1,3.1
2025,4,2025_04_GB_DAL,GB,40,30.3,21,86,0.535,25.6,12.7,18.3,61,-6,-2.8,3.8,-1.1,1-1,10-14,16.7,1-1,2.3
2025,4,2025_04_IND_LA,IND,20,20.6,24,62,0.419,-5,10.2,-1.7,66.7,0.7,-7.5,-2.5,4.4,2-1,4-12,0.4,1-1,2.7
2025,4,2025_04_IND_LA,LA,27,27.9,24,70,0.5,1.9,17.9,8.9,66.7,-1.1,-6.5,-3.6,1.1,1-1,4-12,0.9,1-2,0.3
2025,4,2025_04_JAX_SF,JAX,26,22.7,22,69,0.449,-0.8,11.8,4.9,52.4,-2.8,NA,-2.2,-1.9,1-0,4-12,-1.4,1-1,2.4
2024,1,2024_01_ARI_BUF,ARI,28,17.7,20,60,0.383,10.7,11.3,4.2,64.4,-1.8,-4.9,2.4,6.1,1-1,7-13,10.9,0-1,-2.1
2024,1,2024_01_ARI_BUF,BUF,34,28.9,20,65,0.554,15.3,8.2,12.2,53.3,-7.4,-6,-3.8,4,1-1,3-9,2.9,2-2,3.8
2024,1,2024_01_BAL_KC,BAL,20,24.2,20,81,0.519,2,12.7,12.8,72.5,-1.4,-5.6,-3.5,-2.2,1-1,7-14,3.6,1-2,-1.2
2024,1,2024_01_BAL_KC,KC,27,24.9,20,55,0.418,8.7,9.1,9.8,62.3,6.8,-3.8,1.7,0.6,NA,4-9,2.6,NA,NA
2024,1,2024_01_CAR_NO,CAR,10,16.2,24,38,0.342,-16.2,5.1,-3,71.2,-7.9,-11.4,1,-1.9,1-1,1-10,-11.3,1-3,-2.2
2024,1,2024_01_CAR_NO,NO,47,27.6,24,56,0.482,20.7,9.8,11.3,42.4,-8.5,NA,0.1,3.1,NA,7-13,5.8,NA,NA
2024,1,2024_01_DAL_CLE,CLE,17,6.8,28,55,0.164,-27.4,8.3,-13.2,78.9,0.8,-9.2,-4.2,0.5,1-0,2-15,-7.1,3-5,1.9
2024,1,2024_01_DAL_CLE,DAL,33,21.3,28,57,0.368,0.2,8.6,0.2,58.1,-0.8,NA,-2.2,4.5,1-0,4-14,-4.8,NA,NA
2024,1,2024_01_DEN_SEA,DEN,20,14.2,30,72,0.264,-12.4,11.7,-10.3,71,-1.5,-10.7,-1.2,8.6,2-1,5-18,-13.1,1-1,2.7
2024,1,2024_01_DEN_SEA,SEA,26,29.1,30,63,0.476,-0.2,8.1,2.9,54,0,-4.8,-2.6,0.8,NA,4-11,-4.2,NA,NA
2024,1,2024_01_GB_PHI,GB,29,22.2,22,71,0.394,7.8,11.4,13.5,63.6,0.9,-3.5,-2.1,-2.2,1-0,3-11,2.9,1-1,3
2024,1,2024_01_GB_PHI,PHI,34,26.2,22,77,0.481,9.8,14.6,11.2,53.3,-1.2,-10.2,3.9,2,2-1,4-13,-10.2,1-1,1.7
2024,1,2024_01_HOU_IND,HOU,29,23.6,19,80,0.475,14.1,13.9,10.6,52.6,-4.3,NA,1,1.1,NA,7-14,5.3,2-2,6.2
2024,1,2024_01_HOU_IND,IND,27,20.6,19,46,0.435,5.6,13.3,7.4,56.8,-10,-3.9,-0.6,3,NA,5-10,0.3,1-2,0.2
2024,1,2024_01_JAX_MIA,JAX,17,17.2,22,57,0.386,-3,6.8,-2.7,50.9,-6.6,-5.9,1.1,3.8,1-1,2-10,-1.2,0-1,-3.4
2024,1,2024_01_JAX_MIA,MIA,20,20.5,22,73,0.397,-0.5,16.8,6.7,63.4,-4.3,NA,-1.7,-0.3,NA,8-16,3.3,0-2,-5.1
2024,1,2024_01_LA_DET,DET,26,25.3,21,63,0.492,7.3,13.2,8.4,50.8,-7.3,-4.5,1.4,0,NA,6-13,-0.2,1-1,2.4
2024,1,2024_01_LA_DET,LA,20,25.8,21,80,0.475,4.9,22.3,13.6,67.9,3.4,-4.6,3.2,-1.2,NA,5-12,0.5,1-2,-0.4
2024,1,2024_01_LV_LAC,LAC,22,19.3,26,58,0.345,-9.6,10,2.5,54.7,-7.6,NA,-3.3,-0.5,NA,4-14,-2.2,NA,NA
2024,1,2024_01_LV_LAC,LV,10,16.5,26,60,0.333,-23.1,7,-5.4,68.3,1.3,-15.9,1.4,-4.6,2-2,5-14,-4,0-1,-3.6
2024,1,2024_01_MIN_NYG,MIN,28,23.5,21,42,0.476,8.9,6.2,5.2,51.9,0.1,-7.3,3.8,-2.3,1-1,3-10,-2,1-1,3.9
2024,1,2024_01_MIN_NYG,NYG,6,10.3,21,54,0.296,-13.6,6.5,-8.2,72.9,-4.5,-11.7,-3.2,4.9,NA,7-18,2.4,1-3,-4.3
2024,1,2024_01_NE_CIN,CIN,10,17.1,18,51,0.431,-2.3,5.8,-1.9,74.5,9.4,-3.7,2.5,2.3,2-1,4-11,-6.8,0-1,-3.1
2024,1,2024_01_NE_CIN,NE,16,19.3,18,64,0.438,7.5,10.5,4.6,47.5,-6.8,NA,-0.8,8,1-0,6-14,0.8,NA,NA
2024,1,2024_01_NYJ_SF,NYJ,19,15.2,20,37,0.351,-5.4,10.6,1.6,64.6,-5,-9.2,-0.5,0.8,1-1,6-10,6,0-1,-3
2024,1,2024_01_NYJ_SF,SF,32,26.2,20,68,0.456,15.2,18.1,12.1,49.3,-9.4,NA,0.3,7.2,NA,6-13,-2.2,NA,NA
2024,1,2024_01_PIT_ATL,ATL,10,17.2,20,55,0.436,-16.8,5.8,-7.2,58.2,-9.7,-18.4,-0.4,-0.1,1-1,2-9,-2.8,1-1,2.7
2024,1,2024_01_PIT_ATL,PIT,18,14.8,20,71,0.366,-3.4,7.8,-2.7,47.1,-10.1,NA,-2.7,6,1-0,8-17,1.2,0-1,-4
2024,1,2024_01_TEN_CHI,CHI,24,16.8,23,57,0.386,-15.1,10.8,-6.6,64.2,2,-5.5,-0.7,-1.2,2-0,2-13,-9.8,2-2,4.6
2024,1,2024_01_TEN_CHI,TEN,17,16.5,23,67,0.358,-23.1,5,-2.5,60.9,-4.6,-13.3,-2.5,-4.7,1-1,3-14,-16.8,1-2,2.1
2024,1,2024_01_WAS_TB,TB,37,23.9,18,55,0.491,18.2,11.4,11,59,2.1,NA,1.5,4.4,NA,9-13,12.3,NA,NA
2024,1,2024_01_WAS_TB,WAS,20,18.7,18,47,0.447,-1.5,3.6,1,61.4,-2.2,NA,4.9,-6.9,3-0,2-9,-2.1,1-1,2.3
2024,2,2024_02_ATL_PHI,ATL,22,23.6,18,59,0.492,10.2,15.7,9.9,56.9,-8.8,NA,4.3,-0.4,1-0,2-9,-2.4,1-2,0.1
2024,2,2024_02_ATL_PHI,PHI,21,21.3,18,72,0.444,7.6,11.8,10.7,54.3,-4,-0.7,-0.8,0.8,NA,6-13,1.2,2-3,2.2
2024,2,2024_02_BUF_MIA,BUF,31,24.6,20,35,0.486,12.4,6.5,9.5,47.6,-2.2,NA,2.6,-2.5,1-0,3-9,0.3,1-1,4.4
2024,2,2024_02_BUF_MIA,MIA,10,18.3,20,66,0.424,-15.8,11.4,-1,57.9,-16.5,-15.7,-3.4,0.5,NA,7-15,-9.2,1-5,-9.1
2024,2,2024_02_CHI_HOU,CHI,13,16,26,75,0.333,-11.7,9.1,-6.9,74.3,1.4,-5.2,1.1,4.5,NA,6-17,-5.3,1-2,0.6
2024,2,2024_02_CHI_HOU,HOU,19,20.4,26,64,0.328,-3.5,14.7,2.1,65.6,1.9,-5.6,-4.6,7.8,1-1,4-14,-2.5,1-1,3.2
2024,2,2024_02_CIN_KC,CIN,25,23.8,19,66,0.5,4.4,7.2,6.7,68.8,10.8,-6.8,-3.5,2.6,3-1,4-13,-9.2,2-2,9.6
2024,2,2024_02_CIN_KC,KC,26,19.8,19,65,0.462,-0.5,4.5,-0.3,56.2,-6.5,-11.6,1.4,1.7,1-1,1-8,-4.1,2-2,4.2
2024,2,2024_02_CLE_JAX,CLE,18,17.1,19,72,0.389,4.2,13,3.5,58.3,4.8,NA,-0.1,4.8,1-0,2-14,1,3-3,6.6
2024,2,2024_02_CLE_JAX,JAX,13,19.4,19,61,0.426,-2.6,7.4,4.7,67.8,-1.2,NA,1.7,-3.2,1-0,3-9,-0.9,NA,NA
2024,2,2024_02_IND_GB,GB,16,16.7,20,68,0.353,5,5.4,6.4,27.1,-29.3,-6.6,-2.6,0.4,1-1,10-17,9.9,NA,NA
2024,2,2024_02_IND_GB,IND,10,17.2,20,56,0.411,-6.8,8.7,-2.6,69.1,-5.2,-8.9,-0.5,-2.3,3-0,2-9,-5,1-2,0.2
2024,2,2024_02_LAC_CAR,CAR,3,3.6,23,32,0.156,-18.8,3.2,-10.8,64.6,-11.8,-4,-2.6,-0.4,NA,1-12,-13.8,1-3,-1.3
2024,2,2024_02_LAC_CAR,LAC,26,27.9,23,51,0.549,6.5,3.7,2.4,36.4,-13.2,-9,3,0.4,1-1,9-15,9.5,NA,NA
2024,2,2024_02_LA_ARI,ARI,41,28.1,19,51,0.549,24.3,8,12.7,40.9,-6.2,-5.8,-0.6,4.1,2-1,7-11,6.3,NA,NA
2024,2,2024_02_LA_ARI,LA,10,18.6,19,41,0.439,-5,9.9,-0.5,61.5,-11.1,-5.1,-4.2,2.2,1-1,2-11,-12,1-3,-3.4
2024,2,2024_02_LV_BAL,BAL,23,22.6,24,67,0.433,-3,15.2,2.5,60.3,-8.3,-5.1,-0.7,-1.7,NA,3-11,-2.6,1-1,-0.1
2024,2,2024_02_LV_BAL,LV,26,23.1,24,63,0.444,2.4,12.4,2.2,74.2,10.5,-3.4,6.2,5,1-0,4-12,-1.7,0-1,-3.6
2024,2,2024_02_NO_DAL,DAL,19,21.3,20,56,0.446,8.5,8.8,5.4,71,-3.3,-10.7,-1.2,4.9,1-0,6-13,2.7,1-3,-4.2
2024,2,2024_02_NO_DAL,NO,44,36.3,20,41,0.634,32.1,6.9,23.7,33.9,-11.5,-4.3,-0.7,-0.2,NA,5-7,5.2,NA,NA
2024,2,2024_02_NYG_WAS,NYG,18,18.7,15,57,0.439,6.1,14.3,9.6,57.4,-10,-4,0.1,0.5,1-1,4-8,8.8,1-2,-0.7
2024,2,2024_02_NYG_WAS,WAS,21,18.3,15,75,0.427,11.9,7.6,10.7,58.6,-4.4,NA,-1.9,3,NA,7-14,10.1,1-1,2.1
2024,2,2024_02_NYJ_TEN,NYJ,24,21.5,22,58,0.431,6.4,8.8,3.9,60.7,2.1,NA,1.6,1.1,NA,5-12,-2.5,NA,NA
2024,2,2024_02_NYJ_TEN,TEN,17,17.6,22,67,0.388,-5.3,7.8,-1.9,57.6,-10.7,-6.6,5,-1.4,1-1,5-12,-3.5,0-1,-2.5
2024,2,2024_02_PIT_DEN,DEN,6,17.4,22,62,0.371,-9.1,12.5,0.7,72.1,-1.5,-6.1,0.1,3.4,NA,2-12,-7.9,1-2,2.6
2024,2,2024_02_PIT_DEN,PIT,13,14.3,22,67,0.328,-0.5,5.8,-2.4,50,-12.1,NA,0.9,3.9,1-0,4-13,-1.2,NA,NA
2024,2,2024_02_SEA_NE,NE,20,22.5,23,68,0.441,2.3,5.4,3.2,48.5,-11.4,NA,0.6,-2.8,1-0,6-16,-1.1,NA,NA
2024,2,2024_02_SEA_NE,SEA,23,26.6,23,70,0.486,5.3,22.1,9.3,75,12.4,NA,0.1,1.2,NA,7-15,6.3,1-2,-2.5
2024,2,2024_02_SF_MIN,MIN,23,22.7,21,53,0.472,-1.9,2.7,2.9,60.8,5.5,-10.3,-4.4,1,3-1,7-12,3.9,NA,NA
2024,2,2024_02_SF_MIN,SF,17,23,21,72,0.486,-11.3,11.4,1.6,62.9,-6.8,-9.2,1.5,-5.7,2-1,2-10,-10,1-3,-1.8
2024,2,2024_02_TB_DET,DET,16,22.1,22,86,0.43,-8.2,26.9,6.3,69,-2.2,-9.8,-1.1,0.1,NA,7-17,0.2,3-5,3.8
2024,2,2024_02_TB_DET,TB,20,16.7,22,48,0.375,-1.2,3.8,-2.5,59.6,3.1,-3.2,3.8,-0.4,2-0,2-10,-7.9,NA,NA
2024,3,2024_03_BAL_DAL,BAL,28,25,22,58,0.448,17.9,3.4,13.2,29.5,-22.6,NA,-5.1,-6.9,NA,4-9,-0.7,NA,NA
2024,3,2024_03_BAL_DAL,DAL,25,18,22,74,0.365,5.8,13.8,3.7,79.5,3.3,-4.3,2.9,3.6,2-1,7-13,6.4,0-1,-2
2024,3,2024_03_CAR_LV,CAR,36,29.1,24,63,0.508,17.7,14.8,11.7,59.2,6,NA,0.6,1.2,NA,5-12,3.4,NA,NA
2024,3,2024_03_CAR_LV,LV,22,16.8,24,43,0.372,-18.6,12.9,-6.6,76.2,-0.3,-5.1,0.7,-3.1,NA,3-11,-3.7,1-3,-3.3
2024,3,2024_03_CHI_IND,CHI,16,19.8,24,92,0.38,-12.9,23.2,2.4,67,-3.2,-14.9,7,-3.5,1-1,9-20,-2.1,4-5,3.2
2024,3,2024_03_CHI_IND,IND,21,17.1,24,56,0.339,-8.9,10.9,0.5,43.4,-16.3,-10,1.2,0.6,NA,3-11,-6.8,0-1,-2.7
2024,3,2024_03_DEN_TB,DEN,26,28.4,21,63,0.524,10,17.4,13.5,64.2,11.8,-4.5,-0.5,2.9,1-1,4-14,-3.2,2-2,5
2024,3,2024_03_DEN_TB,TB,7,16,21,46,0.413,-14.7,3.7,-9.8,71.9,1.4,-11,0.6,0.3,1-1,3-11,-16.1,0-2,-6.2
2024,3,2024_03_DET_ARI,ARI,13,20.6,22,60,0.433,-9.8,21.6,0.3,71.2,0.7,-4.6,3.5,-0.3,NA,1-9,-6.7,0-2,-6.9
2024,3,2024_03_DET_ARI,DET,20,27.4,22,70,0.529,1.1,10.8,6.8,39.4,-14.3,-4.9,-2.8,-0.7,NA,6-12,1.3,0-1,-3.9
2024,3,2024_03_GB_TEN,GB,30,19.4,21,58,0.379,6,5.5,8.6,41.3,-11.9,NA,-2.2,0.2,NA,5-14,3.8,NA,NA
2024,3,2024_03_GB_TEN,TEN,14,19.8,21,46,0.478,-15,4.5,-8.2,83.3,11.5,-15.8,1,0.7,1-1,3-9,-2.4,0-1,-3.5
2024,3,2024_03_HOU_MIN,HOU,7,12.1,22,52,0.288,-17.3,10.7,-2.6,83.3,7.5,-8.4,-4.3,-5.2,NA,4-14,1.3,2-4,1.3
2024,3,2024_03_HOU_MIN,MIN,34,22.5,22,57,0.456,8.4,8.6,3,56.5,2.9,NA,0.3,4.8,1-0,6-13,2.3,1-1,2
2024,3,2024_03_JAX_BUF,BUF,47,29.2,20,53,0.528,27.4,12.2,18.1,61.9,3,NA,1.4,-0.1,NA,6-11,8.5,2-2,4.8
2024,3,2024_03_JAX_BUF,JAX,10,20.6,20,49,0.429,3.2,16.6,6.1,74.6,2.3,-10.7,2.4,-0.4,1-1,2-13,-6.4,4-8,-0.3
2024,3,2024_03_KC_ATL,ATL,17,20,20,62,0.435,-0.5,10.8,3,60,-8.5,-3.7,2.3,0.6,2-0,2-9,-4.8,1-3,-4.1
2024,3,2024_03_KC_ATL,KC,22,31.6,20,71,0.592,7.5,16.7,14.8,59.2,5.1,-5.7,3.4,-0.6,NA,6-13,1.2,1-1,2.3
2024,3,2024_03_LAC_PIT,LAC,10,12.2,20,48,0.333,-7.1,0.3,-5.7,56.5,-12.4,NA,-1.1,0.7,2-0,3-11,-4.1,NA,NA
2024,3,2024_03_LAC_PIT,PIT,20,19.8,20,61,0.426,6.2,11.6,3.7,56.1,-5.4,-5,7.5,1.4,NA,7-14,12.5,NA,NA
2024,3,2024_03_MIA_SEA,MIA,3,12.5,24,57,0.316,-27.4,1.8,-11.3,68.9,1,NA,-0.9,-2.5,3-0,1-12,-18.1,0-3,-7.3
2024,3,2024_03_MIA_SEA,SEA,24,16.8,24,57,0.351,-9.8,4.7,-2.8,61.3,9.2,-6.9,-4.1,-1,1-0,3-11,-10.2,NA,NA
2024,3,2024_03_NE_NYJ,NE,3,12.4,17,30,0.367,-5.7,2.1,-4.1,75,-2.8,-5,3.1,1.1,1-1,2-11,-8.8,3-3,7
2024,3,2024_03_NE_NYJ,NYJ,24,29.9,17,61,0.607,12.9,7.2,13.1,58.9,1.6,NA,-0.6,-4.5,1-0,10-15,13.6,NA,NA
2024,3,2024_03_NYG_CLE,CLE,15,18.5,28,68,0.382,-20.6,5,-12.3,76.9,6.9,-9.4,-0.7,1.1,2-2,4-14,-8,1-3,-3.9
2024,3,2024_03_NYG_CLE,NYG,21,25.9,28,72,0.431,-7.1,9.2,4.8,60.3,4.1,-10.4,-2.8,-8.2,2-1,4-13,-0.3,1-1,2.2
2024,3,2024_03_PHI_NO,NO,12,11,20,57,0.298,-10.6,13.4,-3.4,50,-12.7,-1,0.3,-0.4,NA,6-13,-1.1,0-1,-4.3
2024,3,2024_03_PHI_NO,PHI,15,19.7,20,71,0.408,-8.1,9.8,6.8,68.7,0.8,-10.5,-4.4,-7,2-1,6-13,2.6,1-3,-4.2
2024,3,2024_03_SF_LA,LA,27,21.8,18,60,0.45,11.8,15.4,11.5,55.9,-9.8,NA,3.2,-0.6,NA,5-12,0.8,2-2,4.7
2024,3,2024_03_SF_LA,SF,24,23.2,18,71,0.479,11.6,17.2,10.9,60.6,1.6,-3.1,3.4,-5.3,2-1,6-11,4.6,1-1,1.6
2024,3,2024_03_WAS_CIN,CIN,33,28.1,15,63,0.556,23.1,16.8,21.3,68.9,0.2,NA,2.7,-2.6,NA,6-10,2.3,1-1,3.7
2024,3,2024_03_WAS_CIN,WAS,38,28.5,15,59,0.576,34.2,10.1,19,53.6,5.8,NA,0,4.1,1-0,5-9,2.2,3-3,9
2024,4,2024_04_BUF_BAL,BAL,35,28.7,22,44,0.523,16.1,3.7,12.4,36.8,-13.5,-4,-3.5,0.6,2-1,5-9,2.5,NA,NA
2024,4,2024_04_BUF_BAL,BUF,10,20,22,49,0.388,-5.4,11.2,6.6,66.1,0.6,-4.8,-5.9,-3.6,1-1,3-13,-5.2,1-1,2.4
2024,4,2024_04_CIN_CAR,CAR,24,24.1,21,68,0.485,4.1,22.2,5.6,62.9,-1.7,-5.4,0.4,2,NA,7-14,-3,1-3,-3.9
2024,4,2024_04_CIN_CAR,CIN,34,24.9,21,68,0.456,15.7,17.4,13.9,53.7,-3.1,-5.1,1.1,4.9,NA,7-14,9,NA,NA
2024,4,2024_04_CLE_LV,CLE,16,13.6,20,60,0.35,-8.3,9.1,-4,74.6,6.4,-5,1.2,-0.2,1-0,3-10,-1.1,0-1,-2.9
2024,4,2024_04_CLE_LV,LV,20,17.7,20,59,0.39,-5.6,9.5,3.2,50.9,-9.3,-8.6,0.1,2.1,1-1,4-11,-9.4,NA,NA
2024,4,2024_04_DAL_NYG,DAL,20,22.5,18,56,0.482,10.3,9.9,7.7,58.2,3,NA,-0.5,1.7,1-0,3-10,-0.9,1-1,2.2
2024,4,2024_04_DAL_NYG,NYG,15,16.8,18,69,0.377,1.5,21.5,7.1,65.7,-3.2,-0.3,-2.5,4.1,NA,5-16,0.2,3-4,4.7
2024,4,2024_04_DEN_NYJ,DEN,10,16,26,60,0.333,-17.9,11.1,-7.1,49.2,-13.8,-4.2,-0.5,-2.8,1-1,3-14,-9.6,NA,NA
2024,4,2024_04_DEN_NYJ,NYJ,9,14.3,26,79,0.304,-20.9,12.1,-7.8,73,6.4,-3,-1.2,-0.4,1-1,4-17,-9.7,0-1,-2.9
2024,4,2024_04_JAX_HOU,HOU,24,23.5,22,76,0.434,9,17.3,10.6,68,-3.9,NA,-3.7,0.1,NA,7-13,8,NA,NA
2024,4,2024_04_JAX_HOU,JAX,20,22.4,22,59,0.441,8.7,18.3,5.3,61.4,3.4,NA,1.9,9.5,1-0,4-12,0,0-1,-4.4
2024,4,2024_04_KC_LAC,KC,17,20.8,21,61,0.443,-7.8,7.2,1.9,62.7,-2.4,-12.7,-2.8,-0.1,2-1,9-15,5.4,NA,NA
2024,4,2024_04_KC_LAC,LAC,10,8.8,21,60,0.25,-16.5,4.6,-4.7,53.6,-7.9,NA,-4.4,-2.2,1-0,4-13,-4.2,0-1,-4.5
2024,4,2024_04_LA_CHI,CHI,24,21.9,20,61,0.475,7.7,1.9,2.3,55.2,-6.4,NA,-0.1,2.6,1-0,3-9,-2.6,NA,NA
2023,1,2023_01_ARI_WAS,ARI,16,13.2,24,63,0.302,-19,10.1,-6.4,59.7,-9.4,-9.8,-7.6,3.2,2-2,4-14,-5.2,0-1,-2.6
2023,1,2023_01_ARI_WAS,WAS,20,17.4,24,72,0.389,-17.8,3.4,-7.7,63.4,1.6,-17,3.6,-1.4,2-2,4-13,-7.1,NA,NA
2023,1,2023_01_BUF_NYJ,BUF,16,23.5,22,70,0.471,-9.6,11.1,3.6,73.5,6.5,-11.7,-2.1,-2.9,1-1,5-13,1.8,NA,NA
2023,1,2023_01_BUF_NYJ,NYJ,22,19,22,54,0.389,-1.1,2,2.8,51.9,-9.5,-3.9,0.3,1.2,1-0,5-13,1.3,1-1,1.6
2023,1,2023_01_CAR_ATL,ATL,24,18,25,52,0.365,-4.4,0,-3.3,48,-12.7,NA,-1.5,2.1,1-0,2-10,-5.8,NA,NA
2023,1,2023_01_CAR_ATL,CAR,10,19,25,79,0.38,-19.4,10.1,-2.7,59.7,-8.9,-13.1,-1.3,1.4,2-1,5-14,-5.4,0-2,-6.1
2023,1,2023_01_CIN_CLE,CIN,3,10.3,29,56,0.214,-31.6,9.6,-12.5,66.7,-3.8,NA,0.6,-6.5,NA,2-15,-11.3,0-1,-3.9
2023,1,2023_01_CIN_CLE,CLE,24,23.1,29,75,0.4,-8.7,11.1,-1.8,47.9,-9.5,-10.1,-2.1,2.9,1-1,4-14,-4.5,NA,NA
2023,1,2023_01_DAL_NYG,DAL,40,22.7,21,59,0.458,7.3,16.3,5.7,48.3,-3.5,NA,4.5,-0.4,1-0,6-13,4.7,1-2,0.5
2023,1,2023_01_DAL_NYG,NYG,0,8.7,21,71,0.338,-42.1,-0.8,-21.5,70,-0.1,-13.2,0.9,-11.3,5-1,5-16,-13.6,3-5,3.7
2023,1,2023_01_DET_KC,DET,21,20.2,22,69,0.391,-1.1,11.3,6.7,53.7,-6.3,-3.4,-2.7,-1.2,2-1,5-14,-6.9,1-3,0
2023,1,2023_01_DET_KC,KC,20,18.4,22,66,0.394,-6.4,20,0,73.8,12.8,-8.5,1.1,1.5,NA,5-14,-10.7,0-1,-2.7
2023,1,2023_01_GB_CHI,CHI,20,17.9,23,77,0.403,-14.8,1,-5.9,69.4,-3.5,-9.5,-1.6,-0.8,1-1,3-13,-15.5,1-2,-1.5
2023,1,2023_01_GB_CHI,GB,38,18.7,23,62,0.355,8.7,14.4,5.9,50,-5.2,NA,-2,1.3,2-0,9-16,12.2,1-2,4.3
2023,1,2023_01_HOU_BAL,BAL,25,18,23,68,0.382,-4.2,0.7,-1.7,55.6,0.1,-9.4,-2.6,0.2,2-1,8-15,2.6,NA,NA
2023,1,2023_01_HOU_BAL,HOU,9,12.6,23,78,0.321,-21.7,11.6,-9.6,75,1.2,-5.4,0.5,1,1-1,7-17,4.5,1-4,-9.4
2023,1,2023_01_JAX_IND,IND,21,17.7,29,73,0.342,-31.7,8.5,-10,68.1,-0.1,-12.4,1.4,-4,2-2,2-12,-8.9,1-5,-12.3
2023,1,2023_01_JAX_IND,JAX,31,26.3,29,69,0.493,-18.3,14.5,-7.8,52.2,-2.3,-16.2,-0.3,-1.5,2-1,3-12,-8,1-3,-4.8
2023,1,2023_01_LA_SEA,LA,30,27.8,18,84,0.5,18.6,28.4,23.3,50.6,-2.9,NA,1.2,-2.9,NA,11-17,14.2,1-1,2.7
2023,1,2023_01_LA_SEA,SEA,13,19.5,18,51,0.471,-4,6.4,-0.9,66,1.1,NA,1.2,-0.9,NA,2-9,-4.8,NA,NA
2023,1,2023_01_LV_DEN,DEN,16,18.3,13,65,0.492,4.8,11.8,3.2,65.1,0.2,NA,10.7,-5,NA,5-11,1.3,NA,NA
2023,1,2023_01_LV_DEN,LV,17,14.5,13,57,0.386,11.2,14.3,9.7,58.2,1,-4.9,9.7,1.7,1-0,5-10,2.8,1-1,2.7
2023,1,2023_01_MIA_LAC,LAC,34,30.9,21,82,0.573,13.1,13.8,13.5,55,-4,NA,-0.1,0.8,NA,9-15,2.4,0-1,-2.6
2023,1,2023_01_MIA_LAC,MIA,36,31.4,21,66,0.515,21,26.5,25.9,72.3,9.6,-10.1,4.3,-0.3,2-1,4-10,3.2,1-1,3.4
2023,1,2023_01_PHI_NE,NE,20,20,26,82,0.402,-16,20.6,-5.8,74.4,0.4,-14.6,0.2,0.5,1-1,5-16,-13.8,1-4,-3.7
2023,1,2023_01_PHI_NE,PHI,25,19.3,26,66,0.364,-4.6,9.9,-1,64.6,7.1,-3.4,0,4.3,1-1,4-13,-1.5,0-1,-2
2023,1,2023_01_SF_PIT,PIT,7,17.8,23,64,0.406,-21.8,11.2,-6.8,85.5,7.3,-8.7,3.3,-2.3,NA,5-15,-9.5,1-3,-3.9
2023,1,2023_01_SF_PIT,SF,30,21.7,23,70,0.4,9.3,10.7,7.9,52.3,-2.6,-7,-6.3,1.8,3-1,6-13,4.1,1-1,2.8
2023,1,2023_01_TB_MIN,MIN,17,19.5,23,66,0.394,-9.6,15.3,1.3,75,8,-15.5,0.3,-1.6,2-2,6-14,-6.3,NA,NA
2023,1,2023_01_TB_MIN,TB,20,16.5,23,68,0.353,-1.2,17.2,-1.8,58.5,-0.6,NA,3.8,3.5,NA,6-16,-3.5,1-1,2.1
2023,1,2023_01_TEN_NO,NO,16,17.4,24,65,0.354,-11.8,15.3,-1,61.9,-2,-9.3,-0.4,-6.1,1-0,7-16,2.2,NA,NA
2023,1,2023_01_TEN_NO,TEN,15,14,24,67,0.299,-13.1,15.5,-3,68.3,3.2,-9.7,-0.7,0.7,NA,2-12,-10.4,NA,NA
2023,2,2023_02_BAL_CIN,BAL,27,27.8,16,75,0.573,8.8,16.2,14.7,60.8,3,NA,-1.3,-6.9,NA,9-14,8.8,NA,NA
2023,2,2023_02_BAL_CIN,CIN,24,20.6,16,60,0.483,2.7,13,6,75,6.9,-6.5,0.9,-0.2,NA,10-15,9.2,1-1,2.8
2023,2,2023_02_CHI_TB,CHI,17,15.3,20,55,0.4,-6.3,2.2,-7.3,71.2,-0.2,-10.2,-1.6,3.7,2-0,6-13,1,NA,NA
2023,2,2023_02_CHI_TB,TB,27,22.3,20,71,0.423,7,11.4,13.1,56.5,-7.1,NA,-3.3,-4.7,1-0,8-15,12.7,1-1,1.9
2023,2,2023_02_CLE_PIT,CLE,22,21.8,29,89,0.393,-22.7,9.3,-5,61.2,-1,-20.4,-6.1,-2.9,3-3,5-17,-4.5,0-2,-5.2
2023,2,2023_02_CLE_PIT,PIT,26,14.6,29,54,0.259,-18.2,11,-5.5,64,1.2,-10.7,-1,4.7,1-1,4-14,-8,NA,NA
2023,2,2023_02_GB_ATL,ATL,25,25.7,20,83,0.494,6.4,18.6,12.2,51.9,-11.9,-4.2,-2.5,0,NA,6-15,4.7,3-4,5
2023,2,2023_02_GB_ATL,GB,24,23.7,20,52,0.481,4,14.1,7.4,59.2,3.3,NA,3.9,-1.4,NA,3-9,-2.2,0-1,-2.4
2023,2,2023_02_IND_HOU,HOU,20,19.4,21,84,0.417,-3.6,8.9,1.5,66.7,-7.4,-5.1,1.3,-2.9,3-1,9-19,3,2-2,4
2023,2,2023_02_IND_HOU,IND,31,26.6,21,59,0.492,10.2,13.9,13.2,63.2,4.1,NA,-2.3,-1.8,1-0,6-12,3.6,NA,NA
2023,2,2023_02_KC_JAX,JAX,9,17.1,21,70,0.4,-9.4,9.1,-3.3,78.8,12.5,-5.7,4.1,8,3-1,3-12,-7.8,0-2,-5.6
2023,2,2023_02_KC_JAX,KC,17,18.5,21,67,0.358,6.3,9.5,9.5,75,16.8,-5.6,-8.9,1.5,3-1,4-12,4.2,2-2,4.4
2023,2,2023_02_LAC_TEN,LAC,24,22,22,68,0.426,4.2,19,6.8,68.7,4.8,NA,6.7,-1,NA,2-14,-13.4,3-3,11
2023,2,2023_02_LAC_TEN,TEN,27,20.2,22,68,0.426,5.3,6.3,0.4,47.7,-13.4,NA,4.8,1.9,NA,6-13,-2.8,0-1,-3.2
2023,2,2023_02_LV_BUF,BUF,38,31.5,18,77,0.584,26.3,16.5,20.9,55.3,2.3,NA,1.8,2.5,NA,7-13,7.3,3-4,2.9
2023,2,2023_02_LV_BUF,LV,10,19,18,41,0.463,-6.4,9.5,-1.1,65,-1.5,-15.1,1.7,2.1,1-1,3-7,1.6,NA,NA
2023,2,2023_02_MIA_NE,MIA,24,29.9,22,63,0.54,5.3,14.9,13.5,53.2,-2.9,-2.6,-1,-6.7,2-0,4-10,-3.1,NA,NA
2023,2,2023_02_MIA_NE,NE,17,25.9,22,74,0.541,-3,14.2,-1,68.5,3.9,-7.5,4,1.8,1-1,7-15,-0.8,1-2,-0.5
2023,2,2023_02_MIN_PHI,MIN,28,26,23,58,0.466,6.7,12.2,11.1,84.5,9,-14,0.3,2,3-3,6-10,11.3,1-1,2.6
2023,2,2023_02_MIN_PHI,PHI,34,26.7,23,81,0.481,11.3,9.5,10.8,41.6,-12.3,-2.2,-3.5,2.8,NA,6-14,2.1,1-1,1.8
2023,2,2023_02_NO_CAR,CAR,17,20.2,22,62,0.435,-3.9,8.1,-1.3,69.5,-3.5,-4.8,-0.6,5.1,1-1,4-14,-7.6,1-1,2.4
2023,2,2023_02_NO_CAR,NO,20,26.3,22,75,0.493,3.7,14.7,9.3,58.1,1.5,-3.2,1.5,-1.9,NA,7-15,-1.9,NA,NA
2023,2,2023_02_NYG_ARI,ARI,28,22.8,20,70,0.443,7.7,16.8,11.3,55.6,-3.4,NA,1.7,-2.5,NA,4-10,1.6,NA,NA
2023,2,2023_02_NYG_ARI,NYG,31,27,20,71,0.507,12.2,16,14.1,67.6,1,-6.6,-2,-0.2,NA,7-12,5.3,1-1,2
2023,2,2023_02_NYJ_DAL,DAL,30,22.4,23,85,0.424,8.9,15.4,6.1,51.2,-5.8,NA,2.8,2.2,1-0,9-17,5.8,NA,NA
2023,2,2023_02_NYJ_DAL,NYJ,10,14.4,23,49,0.367,-20.3,7.1,-11.6,74.5,1.2,-19.7,5,1.1,1-1,1-10,-11,1-1,2.4
2023,2,2023_02_SEA_DET,DET,31,23.9,21,66,0.5,-2,13.1,2.2,59.1,-10.7,-14.8,3.8,0.1,2-2,6-11,3.8,1-3,-3.4
2023,2,2023_02_SEA_DET,SEA,37,29.8,21,74,0.527,8.7,17.3,18,68.6,9.7,NA,-3.4,-6.1,NA,5-11,2.1,1-1,2.4
2023,2,2023_02_SF_LA,LA,23,22.2,20,80,0.462,-2,22,5.5,75.9,11.3,-9.4,-3.4,3.7,NA,7-14,-4.3,1-2,-0.3
2023,2,2023_02_SF_LA,SF,30,23.9,20,57,0.474,8.5,13.7,9.3,49.1,-8.9,NA,-0.6,0.9,2-0,2-10,-8,NA,NA
2023,2,2023_02_WAS_DEN,DEN,33,25.1,22,67,0.463,8.8,1.3,10.9,67.2,-1.9,-7.9,2.6,-0.5,2-1,4-12,-1.6,2-2,1.6
2023,2,2023_02_WAS_DEN,WAS,35,24.8,22,75,0.48,11.9,8.1,6.7,70.8,9.7,NA,2.5,-5,1-0,3-10,-3.9,1-1,4.5
2023,3,2023_03_ATL_DET,ATL,6,13.3,24,68,0.324,-23.9,12.1,-10,71.6,-5.1,-5.2,5.1,-4.3,1-1,4-14,-3.2,0-1,-2.9
2023,3,2023_03_ATL_DET,DET,20,20.9,24,67,0.388,-4.5,16.5,4.8,55.2,-3.2,-2.8,-2.3,-0.9,NA,4-13,-3.4,NA,NA
2023,3,2023_03_BUF_WAS,BUF,37,23.5,21,67,0.418,13,18.4,16,57.6,0.1,-0.9,-3.7,3,NA,9-15,9.6,0-1,-3.3
2023,3,2023_03_BUF_WAS,WAS,3,14.8,21,54,0.407,-28.7,1,-12.8,75.9,9.4,-23.1,1.6,0.2,1-1,1-9,-19.4,0-1,-2.7
2023,3,2023_03_CAR_SEA,CAR,27,21,25,87,0.368,1.4,22,6.6,83.5,7.6,NA,2.1,-0.9,NA,10-20,11.5,0-1,-3.2
2023,3,2023_03_CAR_SEA,SEA,37,31.3,25,72,0.528,16.7,14,13.4,57.1,1.9,-2.9,-0.1,3.7,NA,3-12,-9,1-1,1.7
2023,3,2023_03_CHI_KC,CHI,10,14.6,21,53,0.358,-17.9,7.4,-4.3,56.9,-8.3,-8.4,-0.7,-1.4,1-1,4-12,-5.1,1-2,-1.2
2023,3,2023_03_CHI_KC,KC,41,28.3,21,77,0.506,18.2,20.8,16.7,57.3,1.5,-11.2,2.2,2.3,NA,10-14,5.1,NA,NA
2023,3,2023_03_DAL_ARI,ARI,28,25.2,17,62,0.532,18.4,7.5,10.4,50.9,-5,NA,2.9,4.4,NA,5-10,-0.2,NA,NA
2023,3,2023_03_DAL_ARI,DAL,16,22.6,17,84,0.464,4.9,9.1,14.1,61.7,-7,-4.9,-1.2,2.3,NA,9-16,2,0-1,-3.3
2023,3,2023_03_DEN_MIA,DEN,20,18.7,28,63,0.333,-11.5,6.2,-2.3,67.7,-4,-14.5,-3.1,6,3-2,3-12,-6.9,0-1,-2.8
2023,3,2023_03_DEN_MIA,MIA,70,45,28,74,0.622,46.2,14.5,37.2,40.3,-5.8,NA,-1.8,0.5,NA,5-9,10.2,1-2,-1.1
2023,3,2023_03_HOU_JAX,HOU,37,25.6,22,59,0.458,15.1,15.4,13.5,55.4,0.9,NA,-2.9,4.6,NA,9-15,9.8,NA,NA
2023,3,2023_03_HOU_JAX,JAX,17,22.1,22,77,0.455,-11,12.2,1.5,65.8,-2.9,-6.4,-1.8,-6.8,1-1,5-13,-7.1,0-1,-2.8
2023,3,2023_03_IND_BAL,BAL,19,28,31,73,0.479,-12.4,5.1,-4,55.6,-4.6,-8.9,1.4,-1.3,4-2,6-16,-4.9,0-1,-2.1
2023,3,2023_03_IND_BAL,IND,22,23.4,31,88,0.386,-7,16.4,-3.1,58.3,-6.8,NA,-1.4,7.3,1-0,8-22,-8.8,0-1,-2.9
2023,3,2023_03_LAC_MIN,LAC,28,26.2,22,66,0.485,4,15.9,10.7,78.5,18.5,-5.1,-3.5,-5.6,4-1,5-11,2.4,1-2,-0.2
2023,3,2023_03_LAC_MIN,MIN,24,25.9,22,86,0.477,-0.3,17.8,10.9,69.9,2.4,-8.7,7.5,0,1-1,4-14,-4.4,2-3,4.5
2023,3,2023_03_LA_CIN,CIN,19,18.5,25,77,0.338,-4.8,22.5,3.4,72.6,8.5,-4.1,-2.4,2.8,NA,5-15,-1.7,1-1,2.1
2023,3,2023_03_LA_CIN,LA,16,19.2,25,56,0.375,-8.5,7,-1.2,78.2,12.6,-8.7,-1.5,-0.1,NA,1-11,-8.8,1-1,2.5
2023,3,2023_03_NE_NYJ,NE,15,20.5,26,74,0.351,-11.1,15.1,5.7,43.7,-15.9,NA,-3.7,-7,NA,8-19,-0.4,NA,NA
2023,3,2023_03_NE_NYJ,NYJ,10,12.9,26,64,0.281,-18.8,7.6,-8.3,66.1,-7.1,NA,1.3,3.3,1-0,2-14,-10.6,1-2,-0.5
2023,3,2023_03_NO_GB,GB,18,20.3,22,78,0.397,-7.3,17.3,6,71.6,1.5,-0.9,-0.5,-6.3,1-0,8-17,3.4,1-3,-3.3
2023,3,2023_03_NO_GB,NO,17,19.4,22,63,0.413,-7.2,10.8,-0.2,62.3,0.4,NA,-2,-1.1,NA,4-14,-6.9,1-1,1.5
2023,3,2023_03_NYG_SF,NYG,12,14.6,21,51,0.353,-6.6,10.6,-3.6,79.6,8.6,-2.9,1.4,4.6,NA,3-12,-8.9,NA,NA
2023,3,2023_03_NYG_SF,SF,30,26,21,80,0.475,15.6,12.6,14.3,53.8,-0.9,NA,3.7,-0.8,1-0,9-16,12.5,NA,NA
2023,3,2023_03_PHI_TB,PHI,25,27.5,19,81,0.531,7.1,20.6,13.9,52.5,4.1,-8.1,-0.4,0.9,NA,10-16,7.3,2-3,-4.6
2023,3,2023_03_PHI_TB,TB,11,15.6,19,47,0.404,-8.5,7.9,-4.5,65.2,-0.7,-5.9,1.2,-0.8,2-1,5-10,1.3,NA,NA
2023,3,2023_03_PIT_LV,LV,18,25.4,25,77,0.481,-7.3,23.6,1.1,74.3,5.5,-9.5,2.7,0.1,NA,4-13,-3.9,1-2,1.1
2023,3,2023_03_PIT_LV,PIT,23,21.1,25,61,0.377,4.3,17.1,5.3,52.5,-2.8,NA,2.7,1.9,NA,6-15,4.8,NA,NA
2023,3,2023_03_TEN_CLE,CLE,27,23,19,72,0.486,11.9,10.9,6.5,57.7,4.4,-5.7,7.9,2.5,2-1,6-13,-1,1-1,2
2023,3,2023_03_TEN_CLE,TEN,3,8.5,19,52,0.308,-14.5,5.8,-12,68.1,-3.7,NA,2.3,3.5,1-0,2-12,-11,1-1,3.8
2023,4,2023_04_ARI_SF,ARI,16,20.6,15,75,0.467,6.7,15,11.2,69,-0.6,NA,-1.2,-0.8,1-0,8-15,3,2-3,2.9
2023,4,2023_04_ARI_SF,SF,35,32.9,15,54,0.648,27.7,13.5,21.2,45.3,0.9,NA,3.2,0.3,NA,3-5,1.7,1-1,3.4
2023,4,2023_04_ATL_JAX,ATL,7,17.3,20,61,0.426,-13,3.7,-4.9,63.8,-4.6,-19,0.3,3.8,2-1,6-12,3.8,0-1,-2.6
2023,4,2023_04_ATL_JAX,JAX,23,17.9,20,63,0.381,9,19.9,5.4,60.3,7.9,NA,0.7,6.5,1-0,5-13,-2.5,1-2,-0.7
2023,4,2023_04_BAL_CLE,BAL,28,21,25,61,0.393,-0.4,-0.3,2,50,-9.2,-5.5,-2.5,0.2,2-1,4-12,4.5,1-1,2.3
2023,4,2023_04_BAL_CLE,CLE,3,13.4,25,71,0.338,-28.8,11.4,-14.8,67.6,-1.6,-14,1.4,1.8,1-0,4-16,-17.9,1-1,2.1
2023,4,2023_04_CIN_TEN,CIN,3,22.6,18,52,0.538,-12,4.2,-2.3,69.2,1.7,-6,1.4,-0.7,1-1,2-9,-5.3,0-1,-2.1
2023,4,2023_04_CIN_TEN,TEN,27,21.5,18,67,0.478,17.2,8.4,5.2,52.3,-3.3,-2.4,2.4,3,3-0,8-13,6.9,1-1,2.5
2023,4,2023_04_DEN_CHI,CHI,28,22.6,19,76,0.474,5.4,7.7,7.2,59.7,0.1,-10.3,-2.1,-1.6,1-1,6-12,7.7,1-3,-1.8
2023,4,2023_04_DEN_CHI,DEN,31,23.4,19,52,0.481,11.6,6.6,8.9,66,-1.3,NA,-0.2,-1.4,NA,6-11,9.8,NA,NA
2023,4,2023_04_DET_GB,DET,34,27.6,24,76,0.474,10.8,14.6,12.8,43.2,-7.7,-4,0.2,-0.6,NA,7-17,3,2-2,4.1
2023,4,2023_04_DET_GB,GB,20,19.1,24,59,0.407,-10.6,9.9,-5.1,78.2,7.2,-10.5,3.6,0.1,1-0,3-11,-3.4,1-1,3.7
2023,4,2023_04_KC_NYJ,KC,23,25.5,22,69,0.478,11.9,14.7,9.5,57.4,3.3,-5.4,4.6,1.1,1-0,7-12,13.1,NA,NA
2023,4,2023_04_KC_NYJ,NYJ,20,18.4,22,60,0.383,-2.8,10.8,2,74.1,7.7,-5,0.1,-2.7,2-1,5-12,0.3,NA,NA
2023,4,2023_04_LA_IND,IND,23,20.8,23,65,0.4,-1,12,4.8,54.1,-20.2,-4.6,4.7,-2.9,2-1,3-10,-3.5,1-2,0.4
2022,1,2022_01_BAL_NYJ,BAL,24,21,25,54,0.389,3.6,15.9,2.9,64.8,7.9,-2,-0.2,-0.9,1-0,5-13,0.8,NA,NA
2022,1,2022_01_BAL_NYJ,NYJ,9,20.3,25,84,0.393,-19.3,19.1,-0.2,78.6,4.8,-11.2,-0.5,-6.1,2-1,2-14,-8.6,3-4,5
2022,1,2022_01_BUF_LA,BUF,31,28.2,20,60,0.517,9.5,13.7,16,66.7,10,-19.2,-0.2,1,2-2,9-10,22.3,NA,NA
2022,1,2022_01_BUF_LA,LA,10,18,20,69,0.391,-19.1,16.3,3.2,74.6,0,-15.6,0.6,-1.1,1-0,6-13,3.6,2-3,1.7
2022,1,2022_01_CLE_CAR,CAR,24,17.5,23,54,0.352,1.7,5.8,2.1,67.3,-1.3,-2.5,1.8,-0.6,6-0,4-11,-2.2,NA,NA
2022,1,2022_01_CLE_CAR,CLE,26,23.6,23,81,0.432,7.9,21.3,8.7,52.6,-11.8,NA,7.1,3.1,NA,8-17,4.4,1-2,-0.9
2022,1,2022_01_DEN_SEA,DEN,16,22.7,16,71,0.465,4.7,10.6,15.3,71.2,3.1,-11.4,1.4,-2.1,2-2,8-15,9.4,0-1,-4.8
2022,1,2022_01_DEN_SEA,SEA,17,17.8,16,53,0.434,5.8,9.5,3.6,69.2,10.6,-6.6,5.7,3.1,3-1,6-10,7.7,0-1,-3.7
2022,1,2022_01_GB_MIN,GB,7,23.7,21,60,0.467,-12.6,13,7,71.2,5.4,-7.8,0,-1.4,1-1,3-9,-3.6,0-2,-7.8
2022,1,2022_01_GB_MIN,MIN,23,22.6,21,65,0.415,6.4,12.1,13,54.8,4.3,NA,-1.8,0.4,NA,4-13,-3.5,1-1,2.8
2022,1,2022_01_IND_HOU,HOU,20,24.9,27,73,0.452,-5.7,15,0.5,62.3,1.2,-5.9,3.7,4.1,2-1,5-15,-9.2,NA,NA
2022,1,2022_01_IND_HOU,IND,20,29,27,95,0.484,-2.2,16.6,9.1,60.9,-6.6,-11.2,1.5,-2.6,4-1,6-15,-5.9,0-1,-3.3
2022,1,2022_01_JAX_WAS,JAX,22,26.8,23,72,0.458,3.4,17.9,15,71,2.7,-0.9,-1.7,-0.2,1-0,3-12,-6.2,0-1,-2.6
2022,1,2022_01_JAX_WAS,WAS,28,23,23,76,0.434,6.5,14.8,6.3,69.4,10.5,-13.9,3.7,-0.5,1-1,7-10,13,NA,NA
2022,1,2022_01_KC_ARI,ARI,21,20.2,21,65,0.4,1,14.9,7.2,71,-2.1,NA,-0.5,1,3-0,3-12,-9.1,3-4,4.4
2022,1,2022_01_KC_ARI,KC,44,33.6,21,70,0.586,30.4,14.6,20,62.9,11.4,-3.4,5,-0.1,5-1,5-8,7.3,1-1,3.9
2022,1,2022_01_LV_LAC,LAC,24,22.3,22,66,0.439,0.3,17.3,4.9,56.2,2.9,NA,0.4,-3.5,1-0,6-14,1.6,0-1,-3.4
2022,1,2022_01_LV_LAC,LV,19,19.4,22,60,0.4,-5.8,13.2,2.1,76.8,6.7,-13.1,-0.3,2.5,3-0,5-11,3.5,1-2,0.3
2022,1,2022_01_NE_MIA,MIA,20,21.8,17,61,0.475,6.4,13.8,8,62.1,12.8,NA,2.5,1.7,2-0,6-14,-5,1-1,6.8
2022,1,2022_01_NE_MIA,NE,7,20.6,17,57,0.474,-11.2,11.1,4,63.6,-2.5,-16.7,1.8,0.1,2-2,4-9,4.8,0-1,-2.5
2022,1,2022_01_NO_ATL,ATL,26,28,25,78,0.513,1.2,12.1,4.7,52.7,-2.6,-8.7,5.8,1.2,3-2,5-13,-7.7,NA,NA
2022,1,2022_01_NO_ATL,NO,27,30.9,25,60,0.517,3.2,16.4,14.2,68.4,-1.3,-4.8,-0.2,-2.7,1-1,4-12,-3,NA,NA
2022,1,2022_01_NYG_TEN,NYG,21,23.1,23,63,0.429,3.1,4.9,7.3,52.5,-14.4,-10.4,-0.7,2.4,3-2,2-10,-8.3,1-1,1.6
2022,1,2022_01_NYG_TEN,TEN,20,24.5,23,67,0.448,1.6,16.7,8.8,59.4,-4.8,NA,-0.1,-0.9,1-0,3-11,-8.2,NA,NA
2022,1,2022_01_PHI_DET,DET,35,23.2,21,71,0.437,7.4,19.6,11,60.3,-8.4,-7,0.3,-1,1-0,9-14,10.5,1-1,3.4
2022,1,2022_01_PHI_DET,PHI,38,28.2,21,80,0.488,14.6,20.3,19.1,62.2,2.3,NA,0,-2.2,NA,10-17,15.7,2-3,1.3
2022,1,2022_01_PIT_CIN,CIN,20,23.1,29,102,0.392,-18.9,17.6,0.6,70.7,0.6,-22.2,-0.4,-1.3,2-1,8-16,2.7,1-3,-1.4
2022,1,2022_01_PIT_CIN,PIT,23,21.1,29,61,0.344,-11.3,17.9,2.4,68.9,7,NA,0.7,-4,1-0,4-15,-6.5,NA,NA
2022,1,2022_01_SF_CHI,CHI,19,14.4,22,57,0.316,-5.2,10.2,0,43.6,-17.7,-3.4,8.7,-5,NA,5-13,4.8,NA,NA
2022,1,2022_01_SF_CHI,SF,10,19.4,22,73,0.397,-16.2,15.3,2.6,52.2,-18.5,-10.5,-2.3,-2.9,2-1,8-17,-0.3,0-2,-4.6
2022,1,2022_01_TB_DAL,DAL,3,16.7,22,72,0.361,-25.5,26.2,-0.1,73.5,-4.8,-4.5,-5.2,-0.1,NA,3-15,-14,2-5,-2.1
2022,1,2022_01_TB_DAL,TB,19,25.4,22,64,0.484,-2.7,15.9,7.5,48.3,-4.6,-4.4,-1.4,-2.2,NA,5-14,-12.3,NA,NA
2022,2,2022_02_ARI_LV,ARI,29,25.4,18,89,0.494,3.7,24.8,14.9,69,-1.4,-3.7,1.2,-2.5,NA,3-13,-7.9,3-5,1.9
2022,2,2022_02_ARI_LV,LV,23,21.2,18,70,0.457,-1.9,12.1,6.9,65.7,3.4,-8.9,1.7,0.8,2-1,6-11,6,NA,NA
2022,2,2022_02_ATL_LA,ATL,27,19,20,62,0.435,-10.3,7.7,-1.2,56.7,-11.4,-11.3,2.2,-3.8,2-1,3-10,-12.2,1-2,-1.3
2022,2,2022_02_ATL_LA,LA,31,28.3,20,64,0.547,-6.6,15.2,10.7,58.7,7.2,-14.9,0.7,-6.6,1-1,6-10,0.8,0-1,-2
2022,2,2022_02_CAR_NYG,CAR,16,22.3,23,59,0.441,-7.6,9.1,2.4,69,5.6,-9.1,1.4,-3.4,3-2,2-12,-12.2,1-1,2.3
2022,2,2022_02_CAR_NYG,NYG,19,16.7,23,73,0.329,-4.6,16.6,3.3,64.8,5.8,NA,-0.4,5.2,NA,6-17,-1.4,1-1,1.8
2022,2,2022_02_CHI_GB,CHI,10,16.7,18,43,0.395,-4.9,3.8,2.7,39,-24.8,-2.2,-2.7,-0.4,2-0,1-7,-2.7,0-1,-4
2022,2,2022_02_CHI_GB,GB,27,27.9,18,68,0.544,15.1,6.7,14.3,44.8,-9.9,-5.5,2.2,1.7,2-1,5-9,3.5,NA,NA
2022,2,2022_02_CIN_DAL,CIN,17,18,20,74,0.378,2.9,16.2,5.6,67.2,-5.6,NA,2.6,2.8,1-0,6-17,4.3,1-1,2.5
2022,2,2022_02_CIN_DAL,DAL,20,20.4,20,61,0.426,1.9,11,5.3,56.7,-8.4,-4.3,1.3,0.6,1-1,3-10,-1.7,1-1,3.7
2022,2,2022_02_HOU_DEN,DEN,16,20,22,77,0.377,-1.4,14.8,8.4,57.7,2.1,-2.8,3.1,-3,NA,3-12,-6.1,1-1,2.9
2022,2,2022_02_HOU_DEN,HOU,9,17.2,22,63,0.381,-8.4,11.7,-2.1,70.5,8.8,NA,0.7,1.4,2-0,2-13,-9.7,1-3,-1.6
2022,2,2022_02_IND_JAX,IND,0,11.1,22,52,0.269,-21.3,9.3,-2.9,72,-3.5,-10.9,-1.2,0.9,1-0,2-10,-6.7,0-2,-5.8
2022,2,2022_02_IND_JAX,JAX,24,23.9,22,71,0.437,6.7,17.1,10.9,45.7,-4.5,NA,-0.1,-0.5,1-0,6-15,1.7,2-3,4.5
2022,2,2022_02_LAC_KC,KC,27,24.3,23,56,0.446,6.6,17.5,8.6,70.9,16,NA,4.4,0.7,NA,4-12,-2.9,NA,NA
2022,2,2022_02_LAC_KC,LAC,24,26.1,23,76,0.487,2.2,22.2,7.2,68.9,11,-13,1.3,0.3,NA,5-16,-9.2,4-4,12.5
2022,2,2022_02_MIA_BAL,BAL,38,27.2,22,60,0.483,22.5,15.3,14.2,58.6,1.9,NA,3.8,6,1-0,3-10,3.9,1-3,-5.5
2022,2,2022_02_MIA_BAL,MIA,42,32.4,22,71,0.521,29.7,26.5,25.6,74.6,6.6,-6.5,-1.8,0.6,NA,7-11,19.5,2-2,3.1
2022,2,2022_02_MIN_PHI,MIN,7,22.9,20,62,0.468,-13.6,17.6,6.3,85.2,11,-13.1,-0.5,-0.5,1-0,4-12,-11.5,NA,NA
2022,2,2022_02_MIN_PHI,PHI,24,25.2,20,75,0.467,4.2,14.8,14.6,58.9,3.9,-5.3,-3.1,-6.4,1-0,7-13,9.8,NA,NA
2022,2,2022_02_NE_PIT,NE,17,23.9,19,68,0.456,3.9,23.1,14.4,61.5,1,-2.9,-6.9,-0.8,1-1,9-16,10.5,NA,NA
2022,2,2022_02_NE_PIT,PIT,14,19.2,19,61,0.426,-3.6,17.3,3.2,63.8,-1,-5.3,-1.1,1.1,NA,8-15,3.4,NA,NA
2022,2,2022_02_NYJ_CLE,CLE,30,28.8,21,67,0.507,15.9,10,17.6,50,-5,-0.7,1.9,-0.3,NA,8-12,8.5,NA,NA
2022,2,2022_02_NYJ_CLE,NYJ,31,24.7,21,73,0.438,17.2,20.2,16,71.4,-3.3,-4.2,-1.9,6.1,2-1,8-15,6.8,1-1,3.8
2022,2,2022_02_SEA_SF,SEA,7,16.6,19,50,0.4,-15.5,11,-0.9,71.4,-1,-8.5,0.6,-1.3,NA,2-7,-4,NA,NA
2022,2,2022_02_SEA_SF,SF,27,20.9,19,76,0.434,7,12.8,7.8,38.2,-15.9,NA,10.6,-4.4,3-1,6-15,-2.1,2-3,2.9
2022,2,2022_02_TB_NO,NO,10,18.2,26,72,0.389,-27.5,16,-9.1,72.1,0.5,-25.1,4.3,-1.5,4-2,4-13,1.1,0-1,-1.6
2022,2,2022_02_TB_NO,TB,20,15.2,26,69,0.304,-11.9,19.8,-4.1,56.9,-2.8,-5.5,3.9,1.4,1-1,5-17,1.9,0-1,-4.3
2022,2,2022_02_TEN_BUF,BUF,41,25.3,22,70,0.457,21.7,19.9,12.4,68.2,18.3,NA,0.4,8.4,2-1,5-13,0.5,2-3,1.2
2022,2,2022_02_TEN_BUF,TEN,7,17.4,22,59,0.407,-20.6,10.6,-6.4,53.6,-8.8,-17.4,1.9,-0.3,1-1,4-12,-6.9,1-1,2.9
2022,2,2022_02_WAS_DET,DET,36,24.2,28,60,0.367,9.2,15.5,11.6,62.7,8.2,NA,-0.9,4.6,NA,4-13,2.1,0-2,-5.5
2022,2,2022_02_WAS_DET,WAS,27,27.2,28,75,0.4,-1.2,21.4,15.8,73.6,0.5,-4.2,-2.9,-4.4,1-0,7-15,3.8,1-2,0.3
2022,3,2022_03_ATL_SEA,ATL,27,26.6,17,56,0.518,19.9,8.6,16.9,50.9,-2.2,-4.7,0.3,3.7,2-1,4-7,7,NA,NA
2022,3,2022_03_ATL_SEA,SEA,23,29.1,17,72,0.542,12.7,26.8,21.3,66.2,0,-0.9,-3,2.4,NA,9-17,2.2,2-3,4.9
2022,3,2022_03_BAL_NE,BAL,37,28.9,24,59,0.492,13.1,14.8,13.9,60.7,5.2,-7.5,-0.9,1.6,2-1,5-10,2.7,NA,NA
2022,3,2022_03_BAL_NE,NE,26,24.7,24,66,0.439,-3.3,14.4,9,63.1,-1.5,-11.6,-1.9,-1.7,2-1,2-9,-6.4,1-2,-1.4
2022,3,2022_03_BUF_MIA,BUF,19,26.5,17,92,0.511,4.4,20.1,17.8,78.9,14,-4.4,-2.2,-4.1,3-1,11-18,1.9,2-3,3
2022,3,2022_03_BUF_MIA,MIA,21,19,17,44,0.432,5.5,10.3,6.1,58.1,3.5,NA,2.8,-1.2,1-0,3-8,1.9,NA,NA
2022,3,2022_03_CIN_NYJ,CIN,27,24.4,24,68,0.441,-0.1,14.8,7.6,62.1,10,-4.8,3.2,-3.2,1-1,7-14,15.4,0-1,-4.3
2022,3,2022_03_CIN_NYJ,NYJ,12,17.2,24,78,0.372,-21.3,12.1,-5.2,74.4,1.1,-16.3,-1.9,3.3,4-2,7-18,-9.3,0-3,-9.4
2022,3,2022_03_DAL_NYG,DAL,23,25.2,21,64,0.469,9.4,14.2,12.1,50,-3.7,NA,-1.4,0.9,NA,5-13,-2.6,1-1,2.9
2022,3,2022_03_DAL_NYG,NYG,16,23.1,21,74,0.446,-2.1,15.1,9,75,6.3,-2,0.8,0.3,NA,3-11,-6.5,0-1,-0.8
2022,3,2022_03_DET_MIN,DET,24,25.7,25,78,0.436,-6.4,28,10.8,57.1,1.9,-0.5,3.7,-10.9,1-0,3-16,-5.7,4-6,7.1
2022,3,2022_03_DET_MIN,MIN,28,32.8,25,70,0.571,-5.3,20.6,10.7,65.7,-1.2,-5.2,3.9,-7.5,1-1,2-9,-4.4,1-2,0.2
2022,3,2022_03_GB_TB,GB,14,20.8,24,62,0.403,-5,10.5,2,60.7,1.1,-8.8,-1.5,0.3,2-1,6-15,-7.8,NA,NA
2022,3,2022_03_GB_TB,TB,12,21,24,68,0.412,-9.3,8.7,1,77.8,4.2,-7.3,-1.4,4.1,3-2,2-11,-7.1,1-1,2.3
2022,3,2022_03_HOU_CHI,CHI,23,21.2,23,65,0.4,-1.3,6.7,6,42.6,-18.7,-6.5,-0.7,1,3-0,6-13,0.3,NA,NA
2022,3,2022_03_HOU_CHI,HOU,20,21,23,60,0.417,-1.8,14,2.2,58.3,0.8,-10.6,1.6,4.5,2-0,3-12,-6.2,1-1,2.4
2022,3,2022_03_JAX_LAC,JAX,38,27.6,21,77,0.506,16.1,20.2,13.5,54.8,4.4,NA,0.3,-0.3,NA,8-15,4,2-3,5.9
2022,3,2022_03_JAX_LAC,LAC,10,16.7,21,62,0.371,-20.7,18.5,0.3,82,8.4,-11.3,-4,-2.9,1-1,5-13,0.1,0-2,-5.6
2022,3,2022_03_KC_IND,IND,20,19.7,21,70,0.429,-0.3,13.1,-0.1,64.3,1.5,-5.3,1.7,10.6,3-2,6-15,-1.9,1-3,-6.6
2022,3,2022_03_KC_IND,KC,17,22.2,21,66,0.409,-2.4,19.5,12.7,69.8,10.5,-1.1,0.4,-8.5,1-0,3-10,2,1-2,-2.1
2022,3,2022_03_LA_ARI,ARI,12,19.1,19,85,0.376,-7.7,30.5,12.1,75.9,3.3,NA,-3.4,-1.9,1-0,6-18,-6.2,4-5,6.8
2022,3,2022_03_LA_ARI,LA,20,24.7,19,49,0.469,6.6,11,14.9,58.7,1.1,-6,-4.5,-0.2,1-1,3-8,1.2,NA,NA
2022,3,2022_03_LV_TEN,LV,22,20.9,19,74,0.405,8.2,18.6,13.1,75.4,0.9,-5.3,6.8,-0.2,1-0,1-12,-12.2,3-3,10.8
2022,3,2022_03_LV_TEN,TEN,24,23.7,19,56,0.482,8.1,10.3,8.8,54.5,0,-3.5,-2.7,-0.2,1-0,5-10,2.7,0-1,-2.5
2022,3,2022_03_NO_CAR,CAR,22,17.7,26,61,0.311,-4.6,15.5,3.5,47.5,-2.5,NA,-1.1,3.7,NA,4-14,-5,0-1,-2.7
2022,3,2022_03_NO_CAR,NO,14,25.6,26,71,0.437,-16.4,13.3,8.1,66.7,-4.8,-14.4,-4.5,-8,3-1,5-13,0,NA,NA
2022,3,2022_03_PHI_WAS,PHI,24,23.2,25,68,0.382,7.5,21.9,11.8,63.2,6.1,NA,3.2,0.5,NA,5-15,-4.4,2-3,2.3
2022,3,2022_03_PHI_WAS,WAS,8,19.8,25,80,0.375,-15,17.5,1.3,75,4.6,-5.4,2.6,7.1,3-1,6-17,-3.5,0-2,-7.5
2022,3,2022_03_PIT_CLE,CLE,29,26,21,73,0.479,5.5,17.3,13,47.2,-6.9,NA,-1.3,-3.1,NA,6-16,-2.8,3-4,4.7
2022,3,2022_03_PIT_CLE,PIT,17,25.1,21,62,0.5,-7.4,16.5,5.9,62.7,-5.2,-6.9,-0.3,-5,2-1,1-9,-7.1,NA,NA
2022,3,2022_03_SF_DEN,DEN,11,17.8,28,73,0.315,-16.2,14.8,-1.4,61.4,-3.8,NA,1.5,-1,3-0,6-18,-3.9,NA,NA
2022,3,2022_03_SF_DEN,SF,10,21.7,28,57,0.386,-17.7,10.8,-0.9,62.5,1.9,-12,-2.1,0.1,2-2,1-10,-8.8,NA,NA
2022,4,2022_04_ARI_CAR,ARI,26,21.8,23,75,0.44,-3.9,13,0.8,54.2,-0.9,-7.2,-2.7,0.5,3-0,6-14,-3.6,0-2,-7.5
2022,4,2022_04_ARI_CAR,CAR,16,15,23,53,0.358,-21.5,15.3,-8,75,8.3,-14.8,0,2.9,1-1,2-10,-8.5,1-3,-3.9
2022,4,2022_04_BUF_BAL,BAL,20,22.1,20,72,0.444,-3.1,13.1,7.9,62.3,4,-9.2,-2.9,2.4,NA,6-13,3.2,1-2,-1.9
2022,4,2022_04_BUF_BAL,BUF,23,26.9,20,63,0.508,4.1,16.1,13.1,70.5,7.3,-10.6,1.3,1.4,2-1,4-11,-6.5,1-1,2
2022,4,2022_04_CHI_NYG,CHI,12,15.9,23,63,0.317,1.9,5.5,3,58.1,-10.6,-5.3,1.2,7.9,3-3,5-15,0.4,NA,NA
2022,4,2022_04_CHI_NYG,NYG,20,22.3,23,67,0.418,8,9.9,6.5,40,-16.9,-1.4,2.1,1.6,2-1,6-14,1.5,NA,NA
2022,4,2022_04_CLE_ATL,ATL,23,23,21,52,0.462,3.7,10.7,5.4,38.5,-19.3,-4.5,5.7,1.8,1-0,3-9,-2.2,NA,NA
2022,4,2022_04_CLE_ATL,CLE,20,23.2,21,75,0.427,-0.4,16.6,12.7,54.8,-8.5,-4.8,-3.2,-0.8,1-1,5-14,-1.6,2-3,1.4
2022,4,2022_04_DEN_LV,DEN,23,14.9,22,54,0.296,-12.7,12.6,5.4,67.9,-4.4,-10.1,-3.9,-1.2,1-1,3-11,-1,1-2,-0.8
2022,4,2022_04_DEN_LV,LV,32,26.3,22,75,0.467,0.9,18.4,14,54.8,-2.3,NA,0.2,-2.1,NA,7-14,-3,NA,NA
2022,4,2022_04_JAX_PHI,JAX,21,18.6,23,47,0.426,-12.7,0.7,-7.7,59.6,-3.4,-22.3,0.7,1.9,5-4,2-7,-3.2,0-1,-3.3
2022,4,2022_04_JAX_PHI,PHI,29,23.8,23,82,0.451,-1.5,16.6,6,39.7,-16.3,-8.8,1.2,1.3,1-0,4-14,-5.3,3-5,2.1
2022,4,2022_04_KC_TB,KC,41,32.4,22,80,0.537,20.5,20.1,22.5,55,11.3,-4.8,0.3,1.9,NA,12-17,10.9,0-1,-3.4
2022,4,2022_04_KC_TB,TB,31,29.5,22,64,0.547,3.1,17.2,10.6,89.1,15.7,-11.8,0.5,-5.6,2-2,6-10,2.6,NA,NA
2022,4,2022_04_LAC_HOU,HOU,24,17.1,24,59,0.322,-8.3,11.3,4,75.4,4.2,-8.3,-0.2,-3.2,1-0,4-12,-4.1,0-2,-6.9
2012,1,2012_01_ATL_KC,ATL,40,29,20,56,0.518,26.3,15,18.5,63.6,11.5,NA,-0.5,6.2,1-0,5-10,6.8,NA,NA
2012,1,2012_01_ATL_KC,KC,24,24.1,20,68,0.471,5.1,15,10.1,54.4,-12.3,-12.2,-1,-1.8,1-1,11-16,4,NA,NA
2012,1,2012_01_BUF_NYJ,BUF,28,20.7,21,63,0.413,-1.2,13.5,6.5,55,-9.2,-18.2,-2.3,-5.8,1-1,6-9,8.8,1-1,5.1
2012,1,2012_01_BUF_NYJ,NYJ,48,20.6,21,67,0.388,16.2,14.3,10.7,43.8,-10,-4.3,-2.7,2,2-0,10-14,15.9,NA,NA
2012,1,2012_01_CAR_TB,CAR,10,18.2,21,52,0.385,-8.5,18.7,3,76,4.7,-7.3,0.2,-2.5,1-0,2-10,-6.8,NA,NA
2012,1,2012_01_CAR_TB,TB,16,18.6,21,63,0.397,-3.5,11.4,1.9,50.8,1,NA,0.8,1,1-0,5-13,-6.5,NA,NA
2012,1,2012_01_CIN_BAL,BAL,44,29.6,21,61,0.525,22.5,16.5,17,65,16,NA,2.5,2,1-0,3-9,-0.3,1-1,1.4
2012,1,2012_01_CIN_BAL,CIN,13,21.4,21,72,0.431,-8.4,17.6,5.7,60,1,-10,2.9,-0.4,2-1,4-15,-16.6,2-3,3
2012,1,2012_01_DAL_NYG,DAL,24,26,18,65,0.492,11.6,10.8,17.5,56.9,8,NA,-13.7,3.4,NA,4-10,-3.3,0-1,-3
2012,1,2012_01_DAL_NYG,NYG,17,16.7,18,56,0.357,2.2,17.8,9.5,65.5,-1.6,-4.7,1.5,1.6,1-1,4-12,1.6,2-2,3.7
2012,1,2012_01_IND_CHI,CHI,41,27.1,28,73,0.411,9.2,18.3,13.5,56.9,4.8,-6.7,-1,-0.7,NA,4-11,0.3,NA,NA
2012,1,2012_01_IND_CHI,IND,21,28.6,28,66,0.455,-10.4,23.8,10.7,80.3,10.1,-22.1,3.3,-6.5,2-2,2-10,-12.5,2-2,6.1
2012,1,2012_01_JAX_MIN,JAX,23,26.3,24,80,0.475,2.4,17.4,7.8,58.4,-4.7,-5.2,0.9,-1.1,1-1,9-18,2.4,1-2,2.2
2012,1,2012_01_JAX_MIN,MIN,26,27.4,24,59,0.492,4,11.9,8.6,52.5,-4.3,-5.9,-1.2,2.4,3-1,2-10,-4.6,NA,NA
2012,1,2012_01_MIA_HOU,HOU,30,26.4,25,67,0.448,-2.9,21.1,11.2,53,-3.8,NA,1.9,-10.6,NA,7-16,2.4,NA,NA
2012,1,2012_01_MIA_HOU,MIA,10,18.6,25,62,0.387,-24.3,3.5,-5.3,63.9,-1.4,-11.3,-9.7,2.4,3-1,2-10,-9,0-3,-7.4
2012,1,2012_01_NE_TEN,NE,34,30.8,21,66,0.545,16,17.8,17.6,48.5,5,NA,0,0.9,NA,6-12,0.3,NA,NA
2012,1,2012_01_NE_TEN,TEN,13,16.2,21,65,0.338,-8.6,14.5,4.5,76.9,10.6,-8.3,1.7,-0.4,1-1,5-14,-1.8,1-2,0.5
2012,1,2012_01_PHI_CLE,CLE,16,14.1,31,62,0.274,-21.1,10.8,-13.6,65.6,6.6,-8,-0.2,2,2-0,2-13,-11.2,NA,NA
2012,1,2012_01_PHI_CLE,PHI,17,24.7,31,92,0.413,-17.1,19.3,-2.2,71.4,5,-26.6,-2.3,-2.2,3-1,8-18,1.5,1-1,1.6
2012,1,2012_01_PIT_DEN,DEN,31,30,18,56,0.571,12.4,11.4,16.8,56.6,9.5,-4.9,0.8,0,1-1,5-9,-2.8,NA,NA
2012,1,2012_01_PIT_DEN,PIT,19,18,18,80,0.388,-2.8,17.8,8.6,65.3,0.9,-7.9,1.6,0.5,1-0,11-19,17,1-2,-1.4
2012,1,2012_01_SD_OAK,LAC,22,17.3,19,58,0.362,6.6,13.5,8.4,65.5,11.7,NA,0.4,4.6,NA,5-12,6.9,NA,NA
2012,1,2012_01_SD_OAK,LV,14,20.5,19,77,0.442,-6.1,17.2,5,72.6,1.3,-3.4,7.4,-7.7,4-1,5-15,-3.5,0-2,-5.7
2012,1,2012_01_SEA_ARI,ARI,20,18.2,24,63,0.365,-10,13,-0.2,68.9,6.1,-9.2,3.5,-0.6,2-1,3-10,-4.5,NA,NA
2012,1,2012_01_SEA_ARI,SEA,16,17.8,24,83,0.361,-11.2,10.4,-0.8,65.8,-3.1,-6,3.9,0.2,2-1,5-16,-0.3,0-1,-2.5
2012,1,2012_01_SF_GB,GB,22,24.8,22,73,0.466,4.2,20.8,8.9,86.6,17.1,-5.2,-1.7,1.9,NA,6-13,2.5,0-1,-0.2
2012,1,2012_01_SF_GB,SF,30,32.2,22,65,0.585,15.4,9.8,13,56.2,7.6,NA,1.6,-0.8,2-0,2-9,-2,NA,NA
2012,1,2012_01_STL_DET,DET,27,32.3,22,68,0.574,-4.2,22.2,15.4,72.7,8,-15,-7,0.7,NA,4-9,1.3,NA,NA
2012,1,2012_01_STL_DET,LA,23,20.4,22,57,0.404,-4.6,9.9,5,55.4,-4.5,NA,-6.3,0.2,2-0,4-12,0.9,NA,NA
2012,1,2012_01_WAS_NO,NO,32,22.8,25,74,0.405,-1.5,24.9,6.2,84.3,8.5,-11.3,1,2.9,3-1,2-11,-12.1,2-2,9.7
2012,1,2012_01_WAS_NO,WAS,40,23.9,25,79,0.392,12.8,12.8,12.7,41.9,-5.3,NA,3.5,-4.1,1-0,4-15,-1.6,1-1,2.4
2012,2,2012_02_ARI_NE,ARI,20,21.8,26,64,0.406,-2.9,7.8,0.2,51.6,1.8,-5.4,2.1,2.5,2-2,4-14,-6.8,NA,NA
2012,2,2012_02_ARI_NE,NE,18,24.9,26,82,0.427,-7.1,22.7,7.3,63.3,-2.2,-4.1,-0.3,-1,NA,5-15,-9,NA,NA
2012,2,2012_02_BAL_PHI,BAL,23,23.9,29,71,0.394,-3.2,17,3.1,70,11.2,-4.5,-3.8,4.8,1-1,4-14,-6.6,0-2,-4.6
2012,2,2012_02_BAL_PHI,PHI,24,30.2,29,78,0.462,-2.5,14.2,12.6,51.9,-4,-19.1,-0.4,-2.3,2-2,7-15,3.3,1-1,2.1
2012,2,2012_02_CHI_GB,CHI,10,15.7,25,63,0.317,-15.8,14.1,-2.5,61.7,-6.9,-11.5,-2.9,3.6,1-0,5-15,-2.3,1-2,3.1
2012,2,2012_02_CHI_GB,GB,23,26.4,25,66,0.485,-0.9,13.6,4.1,60.6,7.6,-9.2,0.4,10.5,1-1,4-13,-7.7,1-1,5.2
2012,2,2012_02_CLE_CIN,CIN,34,24.7,21,68,0.426,16.5,16.8,18.1,61.5,6.5,-2.6,1.3,3,NA,4-12,8.2,1-1,2.2
2012,2,2012_02_CLE_CIN,CLE,27,25.2,21,67,0.448,10.5,15.5,15.8,63.1,-3.5,-2.1,-1.3,-1.4,1-1,7-15,3.6,NA,NA
2012,2,2012_02_DAL_SEA,DAL,7,16.9,20,57,0.368,-12,19.4,3.8,73.2,6.6,-10.9,-0.3,-8.4,3-1,7-13,7.3,NA,NA
2012,2,2012_02_DAL_SEA,SEA,27,19.8,20,69,0.406,7.8,10.6,6.9,39.1,-1.6,NA,0.8,2.8,1-0,5-14,0.9,1-2,0.1
2012,2,2012_02_DEN_ATL,ATL,27,19.8,25,67,0.358,0.8,19,4.4,64.6,11.8,NA,5.3,0.5,1-0,5-13,-2.5,NA,NA
2012,2,2012_02_DEN_ATL,DEN,21,26,25,77,0.468,-4.8,19.9,5.8,61.6,-8,-14.4,-1.9,1.3,1-1,4-12,-9.3,1-1,4
2012,2,2012_02_DET_SF,DET,19,18.1,20,64,0.375,5.3,16.4,6.8,58.7,-7.5,-3.4,0.9,2.1,NA,6-15,2.7,1-1,2.8
2012,2,2012_02_DET_SF,SF,27,28.9,20,61,0.557,9.9,10.3,11,61,9.7,-4.8,2.8,-2.9,2-1,4-10,-1.4,NA,NA
2012,2,2012_02_HOU_JAX,HOU,27,30.2,24,86,0.512,15.5,16.2,14.8,44.6,-2.6,NA,1.4,0.3,NA,8-17,0.5,1-1,2.1
2012,2,2012_02_HOU_JAX,JAX,7,11,24,47,0.255,-13.8,7.9,-5.2,66.7,3.2,-4.9,-0.8,5.7,2-1,0-9,-9.7,NA,NA
2012,2,2012_02_KC_BUF,BUF,35,25.9,25,55,0.436,10.3,7.5,11.6,40.7,-6.5,NA,-1.8,-2.4,2-0,5-12,5.6,NA,NA
2012,2,2012_02_KC_BUF,KC,17,24,25,74,0.405,-6.2,14.1,10.5,69.4,-1.5,-11.8,0,-2.7,2-2,5-14,-0.7,NA,NA
2012,2,2012_02_MIN_IND,IND,23,19.8,21,69,0.42,5.7,14.9,2,58.5,-2.6,NA,0.1,6.6,1-0,7-16,4.7,NA,NA
2012,2,2012_02_MIN_IND,MIN,20,23.7,21,69,0.464,5.1,10.6,7.8,65.2,-8.1,-4.6,-4.9,3.8,1-1,7-15,-0.8,1-1,4.1
2012,2,2012_02_NO_CAR,CAR,35,27.6,23,63,0.46,19.6,10.4,17.6,38.7,-8.7,-3.2,0.9,1.7,1-1,6-12,4.4,0-1,-3.2
2012,2,2012_02_NO_CAR,NO,27,31.3,23,77,0.532,13.5,18.3,17.2,66.2,-0.9,-7.4,-2.8,2.7,1-0,7-13,3.1,0-1,-3.1
2012,2,2012_02_NYJ_PIT,NYJ,10,19.7,20,58,0.414,-1.1,16.6,5,61.4,-2.2,NA,3.6,0.1,NA,4-12,-4.5,NA,NA
2012,2,2012_02_NYJ_PIT,PIT,27,22.8,20,66,0.455,14.8,17.3,8.3,54.7,1.2,NA,2.8,6.9,1-1,8-15,9.1,NA,NA
2012,2,2012_02_OAK_MIA,LV,13,20.3,27,66,0.333,-4.4,23.2,6.3,78.5,14.4,-3.4,1,-2.2,1-0,1-12,-11.3,NA,NA
2012,2,2012_02_OAK_MIA,MIA,35,29.1,27,74,0.446,16.3,17.7,16.3,44.6,-2.4,NA,1.2,2.4,NA,9-17,9.5,1-1,-1.1
2012,2,2012_02_TB_NYG,NYG,41,32.7,28,83,0.494,11.6,22.2,18,69.2,6.8,-12.4,-5.5,3.8,1-0,5-13,-10.2,NA,NA
2012,2,2012_02_TB_NYG,TB,34,21.5,28,53,0.34,7.1,15.3,7,57.7,-3.1,-4.4,-0.6,5,1-0,2-10,-1.6,NA,NA
2012,2,2012_02_TEN_SD,LAC,38,24.6,22,81,0.457,22.2,7.4,10,50.6,2.8,NA,0,1.8,3-0,10-17,14.9,1-1,2.7
2012,2,2012_02_TEN_SD,TEN,10,12.1,22,42,0.286,-5.8,13.9,-2.4,80,15.7,-3.7,1.8,5,NA,1-9,-4.8,NA,NA
2012,2,2012_02_WAS_STL,LA,31,28,25,69,0.478,0.7,10.1,11,63.1,6.8,-17.1,-1.8,0.7,3-2,7-12,6.3,NA,NA
2012,2,2012_02_WAS_STL,WAS,28,22.9,25,64,0.391,-1.2,11.3,9.4,56.7,-9.1,-3.5,-2.4,-5.9,NA,4-13,3.3,NA,NA
2012,3,2012_03_ATL_SD,ATL,27,27.8,21,73,0.466,16.5,21.9,21.8,65.3,16.9,-4.3,-0.4,0.7,NA,8-13,7.7,NA,NA
2012,3,2012_03_ATL_SD,LAC,3,15.3,21,58,0.345,-11,12.5,0,71.4,3.5,-16.2,-0.4,1.5,2-2,5-11,-2.8,NA,NA
2012,3,2012_03_BUF_CLE,BUF,24,25.3,25,70,0.429,5.4,13.4,10.5,58.8,5.5,-4.5,0.6,-2,2-1,4-13,-2.2,NA,NA
2012,3,2012_03_BUF_CLE,CLE,14,19.2,25,67,0.388,-13.8,13.6,-3.2,79.4,11.3,-9.5,-0.8,-0.7,1-0,3-11,-1.3,NA,NA
2012,3,2012_03_CIN_WAS,CIN,38,29,27,62,0.435,14.5,14,18.1,56.7,6.1,-10.3,1,0.6,1-1,3-9,0.4,0-1,-2.7
2012,3,2012_03_CIN_WAS,WAS,31,31.4,27,77,0.532,3.6,9.5,8.4,58.7,-12.3,-5,0.5,0.6,3-1,3-12,-0.4,NA,NA
2012,3,2012_03_DET_TEN,DET,41,35,25,95,0.579,12,24.8,17.2,61.7,0.8,-9.7,0.3,-1.8,1-1,3-12,-5.2,0-1,-3.3
2012,3,2012_03_DET_TEN,TEN,44,23.8,25,69,0.391,11.3,15.7,12.3,71.4,12.5,-9,7.7,1.2,2-2,5-12,5.6,NA,NA
2012,3,2012_03_GB_SEA,GB,12,25.7,19,77,0.494,6,15.9,13.8,73,17.9,NA,4,2,1-0,7-15,4.1,NA,NA
2012,3,2012_03_GB_SEA,SEA,14,16,19,61,0.361,5.4,13,4.1,50,-11.9,NA,0.7,6.5,1-0,2-11,-7.7,2-3,4.3
2012,3,2012_03_HOU_DEN,DEN,25,21.3,28,81,0.346,5.4,26,5,73.8,0.7,0,8.7,6,1-1,6-17,-3.7,NA,NA
2012,3,2012_03_HOU_DEN,HOU,31,27.1,28,71,0.394,15.2,16.1,16.8,48.5,-2.7,-7.6,1.9,1.8,1-1,7-14,3.5,NA,NA
2012,3,2012_03_JAX_IND,IND,17,20.6,24,81,0.346,-2.6,27.4,11.8,66.7,-2.3,-5.6,0.4,-4.5,NA,10-19,5.1,NA,NA
2012,3,2012_03_JAX_IND,JAX,22,23.5,24,60,0.433,6.3,6.6,5.7,44.1,-11.6,NA,-0.2,2.4,2-0,4-13,-6.1,NA,NA
2012,3,2012_03_KC_NO,KC,27,26.2,29,97,0.423,-1.4,15.2,5.7,50.5,-11.7,-10.6,0.3,1.8,2-2,7-18,-1.5,2-2,4.8
2012,3,2012_03_KC_NO,NO,24,23.9,29,60,0.367,-7.6,17.2,8.2,69.5,7.7,-5,-0.9,-1.5,NA,5-13,4.5,NA,NA
2012,3,2012_03_NE_BAL,BAL,31,28.6,21,74,0.514,20,22.1,15.7,66.2,-0.6,-6.4,3.5,1.4,NA,4-8,5,0-1,-3.3
2012,3,2012_03_NE_BAL,NE,30,27,21,83,0.482,20.1,20.3,16,59.8,2,NA,5.3,3.2,2-0,7-15,5.1,NA,NA
2012,3,2012_03_NYG_CAR,CAR,7,24.6,20,59,0.492,-10.6,15.8,7.8,67.2,2,-16.7,2.8,-6.2,1-1,4-9,-2.7,0-1,-4.8
2012,3,2012_03_NYG_CAR,NYG,36,28.1,20,69,0.507,25.2,16.9,17.4,59.4,12.8,NA,1.2,8.3,2-1,7-14,5.2,NA,NA
2012,3,2012_03_NYJ_MIA,MIA,20,24,26,86,0.419,-6.8,18,5.5,49.4,-5.2,-11.3,5.2,-5.2,1-1,10-19,7.3,NA,NA
2012,3,2012_03_NYJ_MIA,NYJ,23,23.1,26,85,0.388,-1.4,26.3,8.2,62.7,5.5,-8.9,2.7,6,1-0,6-17,-4.8,1-1,2.4
2012,3,2012_03_PHI_ARI,ARI,27,19.9,22,62,0.387,4.1,11.1,6.1,50,-0.2,NA,0.2,6.6,1-1,6-14,4.1,NA,NA
2012,3,2012_03_PHI_ARI,PHI,6,17.2,22,65,0.354,-20,11.9,2.9,71.9,-4.2,-15.2,-5,0.8,2-2,5-14,-9.4,0-1,-2.5
2012,3,2012_03_PIT_OAK,LV,34,24.6,20,60,0.483,16.3,18.5,9.7,64.9,3.8,-5.5,2.6,7.1,NA,7-12,3.3,NA,NA
2012,3,2012_03_PIT_OAK,PIT,31,27.9,20,74,0.514,16.2,20.9,15.6,71.8,14.2,-6.9,-1.5,1.4,4-2,8-13,12.4,2-2,5.1
2012,3,2012_03_SF_MIN,MIN,24,22.4,21,76,0.447,7.1,14.4,6.3,53.9,4.4,-6.3,3.5,-0.1,3-2,7-13,-0.5,1-1,2.4
2012,3,2012_03_SF_MIN,SF,13,22.6,21,59,0.458,-1.1,14.2,4.7,72.4,2.5,-10.6,-0.2,4.3,2-2,4-10,-1.1,NA,NA
2012,3,2012_03_STL_CHI,CHI,23,18.5,22,71,0.38,-1.4,14.6,2.7,54.5,1.5,-6,0.4,6.3,NA,4-13,-3.3,1-1,1.7
2012,3,2012_03_STL_CHI,LA,6,14.7,22,60,0.333,-18.9,17.4,-2,73.7,6.8,-8.5,2.6,1.9,NA,3-13,-7.3,0-1,-2.9
2012,3,2012_03_TB_DAL,DAL,16,15.6,24,71,0.31,-10.3,12.2,0.9,69.2,2.5,-12.6,-5.5,8.3,3-3,5-15,-6.4,0-1,-0.3
2012,3,2012_03_TB_DAL,TB,10,13.3,24,65,0.323,-18.8,8.1,-9.8,56.7,-9.3,-3.1,0.4,-2.8,2-0,3-15,-15.2,2-2,5.8
2012,4,2012_04_CAR_ATL,ATL,30,26.5,25,70,0.429,6.9,15,14.8,71.4,7.3,-3.9,1.3,1.4,NA,5-13,-3.9,NA,NA
2012,4,2012_04_CAR_ATL,CAR,28,25.1,25,67,0.433,8,7.1,9.3,51.6,-8.4,-4.5,-2,-0.9,3-1,4-11,3.6,NA,NA
2012,4,2012_04_CHI_DAL,CHI,34,22.8,21,56,0.429,11.3,12.4,11,52.8,4.8,-4.6,-1.2,3,1-1,7-12,11.8,NA,NA
2012,4,2012_04_CHI_DAL,DAL,18,23.9,21,70,0.514,-11.3,25.5,-0.8,79.7,5.2,-27.6,-0.6,0.5,2-0,3-9,-11.4,1-1,3.4
2012,4,2012_04_CIN_JAX,CIN,27,22.3,22,65,0.431,14.2,9.6,6.7,54,8.1,-6.7,5.3,7.3,3-2,2-10,-4.3,1-1,5.1
2012,4,2012_04_CIN_JAX,JAX,10,22.6,22,60,0.467,-9.4,12.4,0.8,73.3,9.8,-5.2,2.7,-0.4,NA,2-11,-4.2,0-1,-2
2012,4,2012_04_CLE_BAL,BAL,23,23.9,26,87,0.379,-1.9,22.4,12.7,64.6,10.9,-5.1,-2.1,-1.5,1-1,5-15,0.8,0-1,0
2012,4,2012_04_CLE_BAL,CLE,16,20.2,26,70,0.357,-6.3,22.6,3.9,74.3,7,-8.5,-0.9,5.1,NA,3-15,-14.4,0-1,0.4
2012,4,2012_04_MIA_ARI,ARI,24,20.5,31,74,0.27,-7,26.8,9.6,79.2,5.5,-10.6,-0.1,8.2,1-0,4-16,-7.7,2-2,6.9
2012,4,2012_04_MIA_ARI,MIA,21,29.8,31,77,0.442,-7.1,18.4,10.6,61.3,5,-18.5,1,-2.7,4-2,6-16,-0.3,1-1,2.9
2012,4,2012_04_MIN_DET,DET,13,20.7,22,78,0.385,-10,22.8,9.5,77.9,3.1,-4.2,6.1,-7,1-1,6-16,1.8,1-3,-2.8
2012,4,2012_04_MIN_DET,MIN,20,18.8,22,61,0.393,0.9,11.8,1.4,53.4,2.1,NA,5.7,2.3,NA,3-12,-6.1,NA,NA
2012,4,2012_04_NE_BUF,BUF,28,24.8,32,71,0.38,-7.3,19.3,2.2,63.8,0,-22.2,-1.5,2,3-2,8-15,4.4,NA,NA
2012,4,2012_04_NE_BUF,NE,52,41.5,32,77,0.597,21.8,15.9,20.7,49.4,3,-7.2,2.1,-4.1,3-2,4-11,4.2,NA,NA
2012,4,2012_04_NO_GB,GB,28,30.3,19,70,0.571,18.9,18.6,15.7,67.6,16.5,-9.2,3,2.7,1-1,4-7,4.7,1-1,1.9
