latent,pool_n,market,fav_win,push,dog_win,ev_fav,ev_dog,ev_formula_E,side_E,pub_A,pub_B,pub_C
2.25,501,0.5,0.5409181636726547,0.0,0.4590818363273453,0.03266194882961345,-0.12357103973870448,0.052502684304457974,1,2.5,2.5,2.5
2.25,501,1.0,0.5169660678642715,0.023952095808383235,0.4590818363273453,0.010887316276537818,-0.09961894393032122,0.03187501375782462,1,2.5,2.5,2.5
2.25,501,1.5,0.5169660678642715,0.0,0.48303393213572854,-0.013064779531845441,-0.07784431137724554,0.009184576156528103,1,2.5,2.5,2.5
2.25,501,2.0,0.48502994011976047,0.031936127744510975,0.48303393213572854,-0.042097622935946336,-0.04590818363273453,-0.01683405318207835,1,2.5,2.5,2.5
2.25,501,2.5,0.48502994011976047,0.0,0.5149700598802395,-0.07403375068045726,-0.016875340228633684,-0.04545454545454549,-1,2.5,2.5,2.5
2.25,501,3.0,0.4031936127744511,0.08183632734530938,0.5149700598802395,-0.14843041190346576,0.06496098711667568,0.035654284114243,-1,2.5,2.5,2.5
2.25,501,3.5,0.4031936127744511,0.0,0.5968063872255489,-0.2302667392487752,0.13935764833968425,0.10938958372223255,-1,2.5,2.5,2.5
2.25,501,4.0,0.37924151696606784,0.023952095808383235,0.5968063872255489,-0.2520413718018509,0.16330974414806745,0.13926465162011412,-1,2.5,2.5,2.5
2.25,501,4.5,0.37924151696606784,0.0,0.6207584830339321,-0.27599346761023413,0.1850843767011431,0.16642380425455208,-1,2.5,2.5,2.5
2.75,1064,0.5,0.5657894736842105,0.0,0.4342105263157895,0.0801435406698564,-0.17105263157894735,0.052502684304457974,1,3.0,2.5,3.0
2.75,1064,1.0,0.5422932330827067,0.023496240601503758,0.4342105263157895,0.05878332194121659,-0.14755639097744355,0.03187501375782462,1,3.0,2.5,3.0
2.75,1064,1.5,0.5422932330827067,0.0,0.45770676691729323,0.035287081339712846,-0.12619617224880378,0.009184576156528103,1,3.0,2.5,3.0
2.75,1064,2.0,0.5046992481203008,0.03759398496240601,0.45770676691729323,0.001110731373889254,-0.08860218728639789,-0.01683405318207835,1,3.0,2.5,3.0
2.75,1064,2.5,0.5046992481203008,0.0,0.49530075187969924,-0.03648325358851673,-0.05442583732057425,-0.04545454545454549,1,3.0,2.5,3.0
2.75,1064,3.0,0.4182330827067669,0.08646616541353383,0.49530075187969924,-0.11508885850991114,0.03204032809295967,0.035654284114243,-1,3.0,2.5,3.0
2.75,1064,3.5,0.4182330827067669,0.0,0.581766917293233,-0.20155502392344501,0.11064593301435402,0.10938958372223255,-1,3.0,2.5,3.0
2.75,1064,4.0,0.3900375939849624,0.02819548872180451,0.581766917293233,-0.22718728639781272,0.13884142173615852,0.13926465162011412,-1,3.0,2.5,3.0
2.75,1064,4.5,0.3900375939849624,0.0,0.6099624060150376,-0.2553827751196172,0.16447368421052627,0.16642380425455208,-1,3.0,2.5,3.0
2.75,1064,5.0,0.36372180451127817,0.02631578947368421,0.6099624060150376,-0.2793062200956938,0.19078947368421054,0.19112164976164614,-1,3.0,2.5,3.0
3.25,1125,1.0,0.5813333333333334,0.022222222222222223,0.39644444444444443,0.13204040404040404,-0.22092929292929298,0.1867191429346027,1,3.5,3.5,3.0
3.25,1125,1.5,0.5813333333333334,0.0,0.4186666666666667,0.10981818181818177,-0.20072727272727275,0.16402870533330616,1,3.5,3.5,3.0
3.25,1125,2.0,0.552,0.029333333333333333,0.4186666666666667,0.08315151515151512,-0.17139393939393943,0.1380100759946997,1,3.5,3.5,3.0
3.25,1125,2.5,0.552,0.0,0.448,0.05381818181818179,-0.14472727272727276,0.10938958372223255,1,3.5,3.5,3.0
3.25,1125,3.0,0.4648888888888889,0.08711111111111111,0.448,-0.02537373737373742,-0.05761616161616164,0.035654284114243,1,3.5,3.5,3.0
3.25,1125,3.5,0.4648888888888889,0.0,0.5351111111111111,-0.11248484848484851,0.02157575757575752,-0.04545454545454549,-1,3.5,3.5,3.0
3.25,1125,4.0,0.4328888888888889,0.032,0.5351111111111111,-0.1415757575757576,0.05357575757575753,-0.01557947755666392,-1,3.5,3.5,3.0
3.25,1125,4.5,0.4328888888888889,0.0,0.5671111111111111,-0.17357575757575763,0.08266666666666664,0.01157967507777403,-1,3.5,3.5,3.0
3.25,1125,5.0,0.4026666666666667,0.030222222222222223,0.5671111111111111,-0.2010505050505051,0.11288888888888883,0.03627752058486805,-1,3.5,3.5,3.0
3.25,1125,5.5,0.4026666666666667,0.0,0.5973333333333334,-0.23127272727272738,0.14036363636363633,0.058730107409498834,-1,3.5,3.5,3.0
3.75,671,1.5,0.6140089418777943,0.0,0.3859910581222057,0.17219888903942546,-0.2631079799485165,0.16402870533330616,1,4.0,4.0,4.0
3.75,671,2.0,0.6020864381520119,0.011922503725782414,0.3859910581222057,0.1613602492887142,-0.25118547622273396,0.1380100759946997,1,4.0,4.0,4.0
3.75,671,2.5,0.6020864381520119,0.0,0.3979135618479881,0.14943774556293177,-0.2403468364720227,0.10938958372223255,1,4.0,4.0,4.0
3.75,671,3.0,0.5141579731743666,0.08792846497764531,0.3979135618479881,0.06950277740143607,-0.15241837149437748,0.035654284114243,1,4.0,4.0,4.0
3.75,671,3.5,0.5141579731743666,0.0,0.4858420268256334,-0.018425687576209195,-0.0724834033328818,-0.04545454545454549,1,4.0,4.0,4.0
3.75,671,4.0,0.4843517138599106,0.029806259314456036,0.4858420268256334,-0.04552228695298739,-0.04267714401842572,-0.01557947755666392,-1,4.0,4.0,4.0
3.75,671,4.5,0.4843517138599106,0.0,0.5156482861400894,-0.07532854626744345,-0.015580544641647527,0.01157967507777403,-1,4.0,4.0,4.0
3.75,671,5.0,0.4485842026825633,0.03576751117734724,0.5156482861400894,-0.10784446551957734,0.020186966535699725,0.03627752058486805,-1,4.0,4.0,4.0
3.75,671,5.5,0.4485842026825633,0.0,0.5514157973174366,-0.14361197669692455,0.05270288578783356,0.058730107409498834,-1,4.0,4.0,4.0
3.75,671,6.0,0.3979135618479881,0.05067064083457526,0.5514157973174366,-0.18967619563744748,0.10337352662240878,0.09888758772445948,-1,4.0,4.0,4.0
6.25,423,4.0,0.5531914893617021,0.03309692671394799,0.41371158392434987,0.08918977004083384,-0.17709004943047504,0.10823523537634952,1,6.5,6.5,6.5
6.25,423,4.5,0.5531914893617021,0.0,0.44680851063829785,0.056092843326885855,-0.14700193423597688,0.07836016747846795,1,6.5,6.5,6.5
6.25,423,5.0,0.5271867612293144,0.026004728132387706,0.44680851063829785,0.03245218138835154,-0.12099720610358909,0.05590758065383697,1,6.5,6.5,6.5
6.25,423,5.5,0.5271867612293144,0.0,0.4728132387706856,0.006447453255963802,-0.09735654416505478,0.031209735146742894,1,6.5,6.5,6.5
6.25,423,6.0,0.4728132387706856,0.054373522458628844,0.4728132387706856,-0.04298302170642602,-0.04298302170642602,-0.005297065139584904,1,6.5,6.5,6.5
6.25,423,6.5,0.4728132387706856,0.0,0.5271867612293144,-0.09735654416505478,0.006447453255963802,-0.04545454545454549,-1,6.5,6.5,6.5
6.25,423,7.0,0.42080378250591016,0.05200945626477541,0.5271867612293144,-0.14463786804212336,0.05845690952073924,0.017392034952108896,-1,6.5,6.5,6.5
6.25,423,7.5,0.42080378250591016,0.0,0.5791962174940898,-0.19664732430689874,0.10573823339780776,0.07452528986724923,-1,6.5,6.5,6.5
6.25,423,8.0,0.39243498817966904,0.028368794326241134,0.5791962174940898,-0.2224371373307543,0.1341070277240489,0.10494354081781952,-1,6.5,6.5,6.5
6.25,423,8.5,0.39243498817966904,0.0,0.607565011820331,-0.2508059316569955,0.1598968407479045,0.1325964962274288,-1,6.5,6.5,6.5
6.75,504,4.5,0.5833333333333334,0.0,0.4166666666666667,0.11363636363636363,-0.20454545454545456,0.07836016747846795,1,7.0,6.5,7.0
6.75,504,5.0,0.5595238095238095,0.023809523809523808,0.4166666666666667,0.09199134199134196,-0.18073593073593072,0.05590758065383697,1,7.0,6.5,7.0
6.75,504,5.5,0.5595238095238095,0.0,0.44047619047619047,0.06818181818181814,-0.15909090909090912,0.031209735146742894,1,7.0,6.5,7.0
6.75,504,6.0,0.5099206349206349,0.0496031746031746,0.44047619047619047,0.023088023088023005,-0.1094877344877345,-0.005297065139584904,1,7.0,6.5,7.0
6.75,504,6.5,0.5099206349206349,0.0,0.49007936507936506,-0.02651515151515152,-0.0643939393939394,-0.04545454545454549,1,7.0,6.5,7.0
6.75,504,7.0,0.4523809523809524,0.057539682539682536,0.49007936507936506,-0.0788239538239538,-0.00685425685425693,0.017392034952108896,-1,7.0,6.5,7.0
6.75,504,7.5,0.4523809523809524,0.0,0.5476190476190477,-0.13636363636363644,0.04545454545454544,0.07452528986724923,-1,7.0,6.5,7.0
6.75,504,8.0,0.42658730158730157,0.025793650793650792,0.5476190476190477,-0.15981240981240988,0.0712481962481963,0.10494354081781952,-1,7.0,6.5,7.0
6.75,504,8.5,0.42658730158730157,0.0,0.5734126984126984,-0.18560606060606058,0.09469696969696965,0.1325964962274288,-1,7.0,6.5,7.0
6.75,504,9.0,0.4166666666666667,0.00992063492063492,0.5734126984126984,-0.19462481962481956,0.10461760461760454,0.13960584202182133,-1,7.0,6.5,7.0
7.25,514,5.0,0.5758754863813229,0.021400778210116732,0.4027237354085603,0.12079943402900593,-0.20976299964626807,0.17588741597563168,1,7.5,7.5,7.0
7.25,514,5.5,0.5758754863813229,0.0,0.42412451361867703,0.09939865581888922,-0.19030774672798015,0.15118957046853757,1,7.5,7.5,7.0
7.25,514,6.0,0.5369649805447471,0.038910505836575876,0.42412451361867703,0.06402546869472936,-0.15139724089140433,0.1146827701822098,1,7.5,7.5,7.0
7.25,514,6.5,0.5369649805447471,0.0,0.46303501945525294,0.025114962858153428,-0.11602405376724441,0.07452528986724923,1,7.5,7.5,7.0
7.25,514,7.0,0.4669260700389105,0.07003891050583658,0.46303501945525294,-0.038556773965334336,-0.04598514326140789,0.017392034952108896,1,7.5,7.5,7.0
7.25,514,7.5,0.4669260700389105,0.0,0.5330739299610895,-0.10859568447117086,0.01768659356207988,-0.04545454545454549,-1,7.5,7.5,7.0
7.25,514,8.0,0.44357976653696496,0.023346303501945526,0.5330739299610895,-0.12981959674566682,0.04103289706402542,-0.015036294503975133,-1,7.5,7.5,7.0
7.25,514,8.5,0.44357976653696496,0.0,0.556420233463035,-0.15316590024761237,0.062256809338521374,0.0126166609056343,-1,7.5,7.5,7.0
7.25,514,9.0,0.4357976653696498,0.007782101167315175,0.556420233463035,-0.1602405376724443,0.07003891050583658,0.019626006700026857,-1,7.5,7.5,7.0
7.25,514,9.5,0.4357976653696498,0.0,0.5642023346303502,-0.16802263883975946,0.07711354793066852,0.02599813924038367,-1,7.5,7.5,7.0
7.75,275,5.5,0.5963636363636363,0.0,0.4036363636363636,0.1385123966942148,-0.2294214876033058,0.15118957046853757,1,8.0,8.0,8.0
7.75,275,6.0,0.5636363636363636,0.03272727272727273,0.4036363636363636,0.10876033057851235,-0.19669421487603306,0.1146827701822098,1,8.0,8.0,8.0
7.75,275,6.5,0.5636363636363636,0.0,0.43636363636363634,0.0760330578512396,-0.1669421487603306,0.07452528986724923,1,8.0,8.0,8.0
7.75,275,7.0,0.48727272727272725,0.07636363636363637,0.43636363636363634,0.006611570247933825,-0.09057851239669426,0.017392034952108896,1,8.0,8.0,8.0
7.75,275,7.5,0.48727272727272725,0.0,0.5127272727272727,-0.06975206611570255,-0.021157024793388483,-0.04545454545454549,1,8.0,8.0,8.0
7.75,275,8.0,0.4690909090909091,0.01818181818181818,0.5127272727272727,-0.08628099173553722,-0.0029752066115702872,-0.015036294503975133,-1,8.0,8.0,8.0
7.75,275,8.5,0.4690909090909091,0.0,0.5309090909090909,-0.1044628099173554,0.013553719008264428,0.0126166609056343,-1,8.0,8.0,8.0
7.75,275,9.0,0.4618181818181818,0.007272727272727273,0.5309090909090909,-0.11107438016528934,0.020826446280991708,0.019626006700026857,-1,8.0,8.0,8.0
7.75,275,9.5,0.4618181818181818,0.0,0.5381818181818182,-0.11834710743801662,0.02743801652892563,0.02599813924038367,-1,8.0,8.0,8.0
7.75,275,10.0,0.43636363636363634,0.025454545454545455,0.5381818181818182,-0.1414876033057852,0.05289256198347106,0.06112210618253238,-1,8.0,8.0,8.0
