lineopen,line,road,home,linemass,linepi,linepim,linepib,linedonchess,linecong,linemidweek,linedok,linebihl,linerwp,lineexcel,linegt,linetalis,linepugh,lineclean,linehanson,linenfelo,linedwig,lineffw,linestjohn,lineespn,neutral,linepfz,linesag,linesagr,linesagpred,linesaggm,linel1,linel2,linel2to,linejohnson,linecurry,lineash,linel2h,linemoore,linepyth,linepig,lineelo,lineeff,linelog,linekerns,linecoff,lineppg,lineteamrank,linedunk,linedoi,linekam,lineargh,linecongrove,lineavg,linemedian,linestd,phcover,phwin,lineca
4,3.5,New England,Seattle,6.66,,,,2.3,,3.5,,,,,5,,,9,,,,4,,3.6431122277,0,5.35,,,,,9.0544,9.0747,8.236,,,,9.5425,,3.9086,,7.542550848,3.7798371756,2.834265,,,3.2352941176,4.8,,2.47,,,,5.5034058981,4.9,2.410632045,0.540884796,0.6540720712,3.5
2.5,3.5,San Francisco,LA Rams,2.17,,,,4.3,,3.5,,,,,5,,,13,,,,-2.4,,,0,3.275,,,,,8.6248,8.7337,3.6713,,,,7.0279,,6.4209,,6.851053597,6.0225212255,0.60474,,,8.2352941176,5.7,,3.71,,,,5.554304596,5.7,3.5211908452,0.5415630916,0.6529659196,3.5
-2.5,-2.5,Chicago,Carolina,-1.08,,,,-2.7,,-2.5,,,,,0.01,,,-6.5,,,,-2,,,0,-1.96,,,,,-1.6612,-1.2849,0.966,,,,5.1335,,-1.1661,,-0.424481192,-0.13158,-0.96072,,,-3.588235294,-2.1,,2.47,,,,-1.410033099,-1.2849,2.0530905042,0.5223179244,0.459390644,-2.5
2.5,4,Tampa Bay,Cincinnati,1.38,,,,3.3,,4,,,,,4,,,-6,,,,-9.4,,,0,-0.955,,,,,-1.7137,-1.3401,0.2579,,,,-5.3711,,1.5114,,4.123079193,1.9656508201,-3.327855,,,-0.764705882,4.2,,1.85,,,,0.1609682754,1.38,3.8104375597,0.4228856179,0.5045235832,3.5
6.5,7,New Orleans,Detroit,7.79,,,,8.5,,7,,,,,6,,,23.5,,,,3,,,0,10.02,,,,,10.266,9.9619,8.5858,,,,8.4859,,8.9886,,4.531431268,7.6570922847,2.162595,,,10.529411765,8.7,,5.57,,,,8.9066823545,8.5858,4.6023214985,0.5381572971,0.7314809869,7
-2.5,1,Buffalo,Houston,0.63,,,,-1.7,,0,,,,,0.01,,,1.5,,,,0.2,,,0,7.53,,,,,5.5042,5.5004,1.3562,,,,2.5374,,3.546,,3.871218253,3.1592174863,2.33004,,,1.5882352941,-0.5,,3.09,,,,2.3523647356,1.5882352941,2.5568562134,0.5275986875,0.5671377113,1
-3.5,-3.5,Baltimore,Indianapolis,-0.47,,,,-4.5,,-3.5,,,,,-3,,,10.5,,,,3.6,,,0,0.685,,,,,5.2659,5.179,3.795,,,,-4.0832,,3.9574,,1.035224841,3.6758969145,1.827525,,,3.6470588235,-4.4,,1.23,,,,2.0133653719,3.6,4.0153113508,0.6097928319,0.5561708268,-2.5
7.5,8,Cleveland,Jacksonville,7.91,,,,11.8,,7.5,,,,,4,,,22.5,,,,3.5,,,0,12.66,,,,,7,7,12.9225,,,,7,,12.9964,,12.881544774,10.111240974,12.0045,,,16,9.8,,17.97,,,,11.270112383,11.8,5.1296192567,0.5648344469,0.7798387192,8.5
2,3,Atlanta,Pittsburgh,3.75,,,,3.1,,3,,,,,3,,,9.5,,,,-0.5,,,0,3.84,,,,,3.8765,3.8745,1.8795,,,,3.1791,,5.4634,,1.03339603,4.7582822086,1.21611,,,5.4117647059,3.6,,7.43,,,,4.0011561963,3.84,2.4254727502,0.5204562354,0.6133637265,3
2.5,2,N.Y. Jets,Tennessee,2.97,,,,2.6,,2.5,,,,,2,,,-2.5,,,,-3.3,,,0,2.01,,,,,6.2492,6.4061,2.3566,,,,8.4856,,2.9581,,7.8513942421,2.9122782539,0.4917,,,2.5294117647,4.9,,1.23,,,,2.744872284,2.6,2.9783415715,0.5151633407,0.5777446571,2
10.5,10,Arizona,LA Chargers,4.05,,,,12.3,,10,,,,,9,,,15,,,,3,,,0,11.665,,,,,7.2659,7.2958,6.6713,,,,8.1565,,9.1824,,9.136083204,7.2725692563,9.365655,,,11.470588235,13.8,,10.53,,,,9.1759760464,9.136083204,3.3794015447,0.4832816763,0.7426113651,10
3,3.5,Miami,Las Vegas,-0.12,,,,4.5,,3.5,,,,,3,,,-11.5,,,,-2.2,,,0,-1,,,,,-2.0267,-1.8145,-2.3538,,,,-4.366,,-1.8952,,-1.216655151,-0.857291623,-6.453375,,,-4.705882353,4.9,,-6.21,,,,-1.566668608,-1.8145,4.0883488642,0.3989759519,0.4562976555,2.5
-1.5,1.5,Green Bay,Minnesota,1.66,,,,-1.1,,1.5,,,,,1,,,-7.5,,,,7.1,,,0,-1.24,,,,,1.5043,1.724,3.5854,,,,5.572,,2.192,,5.947079278,2.4660860164,0.851565,,,0.8235294118,-1.2,,1.85,,,,1.2541596471,1.66,3.3748496074,0.4950107049,0.5354756084,1.5
4,4.5,Washington,Philadelphia,6.98,,,,5,,4.5,,,,,4,,,14.5,,,,1.4,,,0,9.535,,,,,10.1567,9.9958,5.49,,,,8.1916,,9.1893,,7.085769471,7.4901934991,7.02102,,,10.764705882,6.1,,11.77,,,,7.9638312568,7.4901934991,3.3498222564,0.5699527414,0.7141837306,5
-2.5,-3,Dallas,N.Y. Giants,0.52,,,,-3.3,,-3,,,,,0.01,,,-8.5,,,,-0.5,,,0,0.12,,,,,3.8794,3.7355,0.9795,,,,5.656,,2.0433,,5.662245021,2.1329830074,-2.691195,,,0.9411764706,-2.7,,-1.25,,,,0.2516069666,0.52,3.4143861308,0.565670291,0.507121256,-2
2.5,2.5,Denver,Kansas City,2.24,,,,3.1,,2.5,,,,,3,,,0.01,,,,-2.2,,,0,-1.83,,,,,-1.181,-1.3985,-0.7994,,,,3.361,,0.6033,,-4.772591833,1.4126479322,-11.769315,,,-1.294117647,3.3,,-3.11,,,,-0.19531077,-0.7994,2.4291081185,0.4450795169,0.4943900991,2
